instance_id,constraint_id,path,ref_type,reference
UK-SP-06,AssignResources_1,AppliesTo/EventGroups/EventGroup,EventGroup,gr_AllEvents
UK-SP-06,AssignTimes_2,AppliesTo/EventGroups/EventGroup,EventGroup,gr_AllEvents
UK-SP-06,SpreadEvents_5,AppliesTo/EventGroups/EventGroup,EventGroup,gr_Course_Ar-10S_299
UK-SP-06,SpreadEvents_5,AppliesTo/EventGroups/EventGroup,EventGroup,gr_Course_Dr-10T_300
UK-SP-06,SpreadEvents_5,AppliesTo/EventGroups/EventGroup,EventGroup,gr_Course_Ge-10L_301
UK-SP-06,SpreadEvents_5,AppliesTo/EventGroups/EventGroup,EventGroup,gr_Course_Fr-10A_302
UK-SP-06,SpreadEvents_5,AppliesTo/EventGroups/EventGroup,EventGroup,gr_Course_Mu-10U_303
UK-SP-06,SpreadEvents_5,AppliesTo/EventGroups/EventGroup,EventGroup,gr_Course_Da-10L_304
UK-SP-06,SpreadEvents_5,AppliesTo/EventGroups/EventGroup,EventGroup,gr_Course_Sk-10g1_305
UK-SP-06,SpreadEvents_5,AppliesTo/EventGroups/EventGroup,EventGroup,gr_Course_Ge-10g2_306
UK-SP-06,SpreadEvents_5,AppliesTo/EventGroups/EventGroup,EventGroup,gr_Course_Hi-10h1_307
UK-SP-06,SpreadEvents_5,AppliesTo/EventGroups/EventGroup,EventGroup,gr_Course_Pa-10h2_308
UK-SP-06,SpreadEvents_5,AppliesTo/EventGroups/EventGroup,EventGroup,gr_Course_Ps-10A_309
UK-SP-06,SpreadEvents_5,AppliesTo/EventGroups/EventGroup,EventGroup,gr_Course_Ar-10T_310
UK-SP-06,SpreadEvents_5,AppliesTo/EventGroups/EventGroup,EventGroup,gr_Course_Fr-10S_311
UK-SP-06,SpreadEvents_5,AppliesTo/EventGroups/EventGroup,EventGroup,gr_Course_Ge-10P_312
UK-SP-06,SpreadEvents_5,AppliesTo/EventGroups/EventGroup,EventGroup,gr_Course_Hi-10P_313
UK-SP-06,SpreadEvents_5,AppliesTo/EventGroups/EventGroup,EventGroup,gr_Course_Pe-10U_314
UK-SP-06,SpreadEvents_5,AppliesTo/EventGroups/EventGroup,EventGroup,gr_Course_Dr-10g1_316
UK-SP-06,SpreadEvents_5,AppliesTo/EventGroups/EventGroup,EventGroup,gr_Course_Pa-10h1_317
UK-SP-06,SpreadEvents_5,AppliesTo/EventGroups/EventGroup,EventGroup,gr_Course_En-10S_318
UK-SP-06,SpreadEvents_5,AppliesTo/EventGroups/EventGroup,EventGroup,gr_Course_En-10T_319
UK-SP-06,SpreadEvents_5,AppliesTo/EventGroups/EventGroup,EventGroup,gr_Course_En-10P_320
UK-SP-06,SpreadEvents_5,AppliesTo/EventGroups/EventGroup,EventGroup,gr_Course_En-10g1_321
UK-SP-06,SpreadEvents_5,AppliesTo/EventGroups/EventGroup,EventGroup,gr_Course_Sk-10g2_322
UK-SP-06,SpreadEvents_5,AppliesTo/EventGroups/EventGroup,EventGroup,gr_Course_It-10h3_323
UK-SP-06,SpreadEvents_5,AppliesTo/EventGroups/EventGroup,EventGroup,gr_Course_Ps-10L_324
UK-SP-06,SpreadEvents_5,AppliesTo/EventGroups/EventGroup,EventGroup,gr_Course_Ma-10S_325
UK-SP-06,SpreadEvents_5,AppliesTo/EventGroups/EventGroup,EventGroup,gr_Course_Ma-10T_326
UK-SP-06,SpreadEvents_5,AppliesTo/EventGroups/EventGroup,EventGroup,gr_Course_Ma-10P_327
UK-SP-06,SpreadEvents_5,AppliesTo/EventGroups/EventGroup,EventGroup,gr_Course_Ma-10g1_328
UK-SP-06,SpreadEvents_5,AppliesTo/EventGroups/EventGroup,EventGroup,gr_Course_Ps-10P_330
UK-SP-06,SpreadEvents_5,AppliesTo/EventGroups/EventGroup,EventGroup,gr_Course_Ps-10S_331
UK-SP-06,SpreadEvents_5,AppliesTo/EventGroups/EventGroup,EventGroup,gr_Course_Sd-10g2_332
UK-SP-06,SpreadEvents_5,AppliesTo/EventGroups/EventGroup,EventGroup,gr_Course_Sd-10T_333
UK-SP-06,SpreadEvents_5,AppliesTo/EventGroups/EventGroup,EventGroup,gr_Course_Sd-10P_334
UK-SP-06,SpreadEvents_5,AppliesTo/EventGroups/EventGroup,EventGroup,gr_Course_Sd-10g1_335
UK-SP-06,SpreadEvents_5,AppliesTo/EventGroups/EventGroup,EventGroup,gr_Course_Sk-10S_336
UK-SP-06,SpreadEvents_5,AppliesTo/EventGroups/EventGroup,EventGroup,gr_Course_Sx-10S_337
UK-SP-06,SpreadEvents_5,AppliesTo/EventGroups/EventGroup,EventGroup,gr_Course_Ps-10T_339
UK-SP-06,SpreadEvents_5,AppliesTo/EventGroups/EventGroup,EventGroup,gr_Course_Ps-10U_340
UK-SP-06,SpreadEvents_5,AppliesTo/EventGroups/EventGroup,EventGroup,gr_Course_Dt-10S_341
UK-SP-06,SpreadEvents_5,AppliesTo/EventGroups/EventGroup,EventGroup,gr_Course_Dt-10T_342
UK-SP-06,SpreadEvents_5,AppliesTo/EventGroups/EventGroup,EventGroup,gr_Course_Dt-10P_343
UK-SP-06,SpreadEvents_5,AppliesTo/EventGroups/EventGroup,EventGroup,gr_Course_Dt-10g1_344
UK-SP-06,SpreadEvents_5,AppliesTo/EventGroups/EventGroup,EventGroup,gr_Course_Dt-10g2_345
UK-SP-06,SpreadEvents_5,AppliesTo/EventGroups/EventGroup,EventGroup,gr_Course_It-10g3_346
UK-SP-06,SpreadEvents_5,AppliesTo/EventGroups/EventGroup,EventGroup,gr_Course_Pe-10S_347
UK-SP-06,SpreadEvents_5,AppliesTo/EventGroups/EventGroup,EventGroup,gr_Course_Pe-10T_348
UK-SP-06,SpreadEvents_5,AppliesTo/EventGroups/EventGroup,EventGroup,gr_Course_Pe-10P_349
UK-SP-06,SpreadEvents_5,AppliesTo/EventGroups/EventGroup,EventGroup,gr_Course_Re-10S_350
UK-SP-06,SpreadEvents_5,AppliesTo/EventGroups/EventGroup,EventGroup,gr_Course_Re-10T_351
UK-SP-06,SpreadEvents_5,AppliesTo/EventGroups/EventGroup,EventGroup,gr_Course_Re-10P_352
UK-SP-06,SpreadEvents_5,AppliesTo/EventGroups/EventGroup,EventGroup,gr_Course_Re-10g1_353
UK-SP-06,SpreadEvents_5,AppliesTo/EventGroups/EventGroup,EventGroup,gr_Course_Dt-10A_354
UK-SP-06,SpreadEvents_5,AppliesTo/EventGroups/EventGroup,EventGroup,gr_Course_Dt-10U_355
UK-SP-06,SpreadEvents_5,AppliesTo/EventGroups/EventGroup,EventGroup,gr_Course_Dt-10L_356
UK-SP-06,SpreadEvents_5,AppliesTo/EventGroups/EventGroup,EventGroup,gr_Course_Dt-10h1_357
UK-SP-06,SpreadEvents_5,AppliesTo/EventGroups/EventGroup,EventGroup,gr_Course_Dt-10h2_358
UK-SP-06,SpreadEvents_5,AppliesTo/EventGroups/EventGroup,EventGroup,gr_Course_En-10A_361
UK-SP-06,SpreadEvents_5,AppliesTo/EventGroups/EventGroup,EventGroup,gr_Course_En-10U_362
UK-SP-06,SpreadEvents_5,AppliesTo/EventGroups/EventGroup,EventGroup,gr_Course_En-10L_363
UK-SP-06,SpreadEvents_5,AppliesTo/EventGroups/EventGroup,EventGroup,gr_Course_En-10h1_364
UK-SP-06,SpreadEvents_5,AppliesTo/EventGroups/EventGroup,EventGroup,gr_Course_Ma-10A_365
UK-SP-06,SpreadEvents_5,AppliesTo/EventGroups/EventGroup,EventGroup,gr_Course_Ma-10U_366
UK-SP-06,SpreadEvents_5,AppliesTo/EventGroups/EventGroup,EventGroup,gr_Course_Ma-10L_367
UK-SP-06,SpreadEvents_5,AppliesTo/EventGroups/EventGroup,EventGroup,gr_Course_Ma-10h1_368
UK-SP-06,SpreadEvents_5,AppliesTo/EventGroups/EventGroup,EventGroup,gr_Course_Pe-10A_369
UK-SP-06,SpreadEvents_5,AppliesTo/EventGroups/EventGroup,EventGroup,gr_Course_Pe-10L_371
UK-SP-06,SpreadEvents_5,AppliesTo/EventGroups/EventGroup,EventGroup,gr_Course_Re-10A_372
UK-SP-06,SpreadEvents_5,AppliesTo/EventGroups/EventGroup,EventGroup,gr_Course_Re-10U_373
UK-SP-06,SpreadEvents_5,AppliesTo/EventGroups/EventGroup,EventGroup,gr_Course_Re-10L_374
UK-SP-06,SpreadEvents_5,AppliesTo/EventGroups/EventGroup,EventGroup,gr_Course_Re-10h1_375
UK-SP-06,SpreadEvents_5,AppliesTo/EventGroups/EventGroup,EventGroup,gr_Course_Sd-10h1_376
UK-SP-06,SpreadEvents_5,AppliesTo/EventGroups/EventGroup,EventGroup,gr_Course_Sd-10U_377
UK-SP-06,SpreadEvents_5,AppliesTo/EventGroups/EventGroup,EventGroup,gr_Course_Sd-10L_378
UK-SP-06,SpreadEvents_5,AppliesTo/EventGroups/EventGroup,EventGroup,gr_Course_Sd-10h2_379
UK-SP-06,SpreadEvents_5,AppliesTo/EventGroups/EventGroup,EventGroup,gr_Course_Sx-10A_380
UK-SP-06,SpreadEvents_5,AppliesTo/EventGroups/EventGroup,EventGroup,gr_Course_Ar-11S_381
UK-SP-06,SpreadEvents_5,AppliesTo/EventGroups/EventGroup,EventGroup,gr_Course_Dr-11T_382
UK-SP-06,SpreadEvents_5,AppliesTo/EventGroups/EventGroup,EventGroup,gr_Course_Hi-11P_383
UK-SP-06,SpreadEvents_5,AppliesTo/EventGroups/EventGroup,EventGroup,gr_Course_Hi-11A_384
UK-SP-06,SpreadEvents_5,AppliesTo/EventGroups/EventGroup,EventGroup,gr_Course_Ge-11U_385
UK-SP-06,SpreadEvents_5,AppliesTo/EventGroups/EventGroup,EventGroup,gr_Course_Fr-11L_386
UK-SP-06,SpreadEvents_5,AppliesTo/EventGroups/EventGroup,EventGroup,gr_Course_Mu-11g1_387
UK-SP-06,SpreadEvents_5,AppliesTo/EventGroups/EventGroup,EventGroup,gr_Course_Da-11g2_388
UK-SP-06,SpreadEvents_5,AppliesTo/EventGroups/EventGroup,EventGroup,gr_Course_Cp-11h1_389
UK-SP-06,SpreadEvents_5,AppliesTo/EventGroups/EventGroup,EventGroup,gr_Course_Ps-11A_390
UK-SP-06,SpreadEvents_5,AppliesTo/EventGroups/EventGroup,EventGroup,gr_Course_Ar-11A_391
UK-SP-06,SpreadEvents_5,AppliesTo/EventGroups/EventGroup,EventGroup,gr_Course_Fr-11T_392
UK-SP-06,SpreadEvents_5,AppliesTo/EventGroups/EventGroup,EventGroup,gr_Course_Ge-11P_393
UK-SP-06,SpreadEvents_5,AppliesTo/EventGroups/EventGroup,EventGroup,gr_Course_Hi-11S_394
UK-SP-06,SpreadEvents_5,AppliesTo/EventGroups/EventGroup,EventGroup,gr_Course_J.-11U_395
UK-SP-06,SpreadEvents_5,AppliesTo/EventGroups/EventGroup,EventGroup,gr_Course_Pe-11L_396
UK-SP-06,SpreadEvents_5,AppliesTo/EventGroups/EventGroup,EventGroup,gr_Course_Dv-11g1_397
UK-SP-06,SpreadEvents_5,AppliesTo/EventGroups/EventGroup,EventGroup,gr_Course_Cp-11g2_398
UK-SP-06,SpreadEvents_5,AppliesTo/EventGroups/EventGroup,EventGroup,gr_Course_Dr-11h1_399
UK-SP-06,SpreadEvents_5,AppliesTo/EventGroups/EventGroup,EventGroup,gr_Course_Ps-11L_400
UK-SP-06,SpreadEvents_5,AppliesTo/EventGroups/EventGroup,EventGroup,gr_Course_Ps-11P_401
UK-SP-06,SpreadEvents_5,AppliesTo/EventGroups/EventGroup,EventGroup,gr_Course_Ps-11S_402
UK-SP-06,SpreadEvents_5,AppliesTo/EventGroups/EventGroup,EventGroup,gr_Course_Ps-11T_403
UK-SP-06,SpreadEvents_5,AppliesTo/EventGroups/EventGroup,EventGroup,gr_Course_Ps-11U_404
UK-SP-06,SpreadEvents_5,AppliesTo/EventGroups/EventGroup,EventGroup,gr_Course_Dt-11S_405
UK-SP-06,SpreadEvents_5,AppliesTo/EventGroups/EventGroup,EventGroup,gr_Course_Dt-11T_406
UK-SP-06,SpreadEvents_5,AppliesTo/EventGroups/EventGroup,EventGroup,gr_Course_Dt-11P_407
UK-SP-06,SpreadEvents_5,AppliesTo/EventGroups/EventGroup,EventGroup,gr_Course_Dt-11g1_408
UK-SP-06,SpreadEvents_5,AppliesTo/EventGroups/EventGroup,EventGroup,gr_Course_Dt-11g2_409
UK-SP-06,SpreadEvents_5,AppliesTo/EventGroups/EventGroup,EventGroup,gr_Course_En-11S_410
UK-SP-06,SpreadEvents_5,AppliesTo/EventGroups/EventGroup,EventGroup,gr_Course_En-11T_411
UK-SP-06,SpreadEvents_5,AppliesTo/EventGroups/EventGroup,EventGroup,gr_Course_En-11P_412
UK-SP-06,SpreadEvents_5,AppliesTo/EventGroups/EventGroup,EventGroup,gr_Course_En-11g1_413
UK-SP-06,SpreadEvents_5,AppliesTo/EventGroups/EventGroup,EventGroup,gr_Course_Ma-11S_414
UK-SP-06,SpreadEvents_5,AppliesTo/EventGroups/EventGroup,EventGroup,gr_Course_Ma-11T_415
UK-SP-06,SpreadEvents_5,AppliesTo/EventGroups/EventGroup,EventGroup,gr_Course_Ma-11P_416
UK-SP-06,SpreadEvents_5,AppliesTo/EventGroups/EventGroup,EventGroup,gr_Course_Ma-11g1_417
UK-SP-06,SpreadEvents_5,AppliesTo/EventGroups/EventGroup,EventGroup,gr_Course_Pe-11S_418
UK-SP-06,SpreadEvents_5,AppliesTo/EventGroups/EventGroup,EventGroup,gr_Course_Pe-11T_419
UK-SP-06,SpreadEvents_5,AppliesTo/EventGroups/EventGroup,EventGroup,gr_Course_Pe-11P_420
UK-SP-06,SpreadEvents_5,AppliesTo/EventGroups/EventGroup,EventGroup,gr_Course_Re-11S_421
UK-SP-06,SpreadEvents_5,AppliesTo/EventGroups/EventGroup,EventGroup,gr_Course_Re-11T_422
UK-SP-06,SpreadEvents_5,AppliesTo/EventGroups/EventGroup,EventGroup,gr_Course_Re-11P_423
UK-SP-06,SpreadEvents_5,AppliesTo/EventGroups/EventGroup,EventGroup,gr_Course_Re-11g1_424
UK-SP-06,SpreadEvents_5,AppliesTo/EventGroups/EventGroup,EventGroup,gr_Course_Sd-11S_425
UK-SP-06,SpreadEvents_5,AppliesTo/EventGroups/EventGroup,EventGroup,gr_Course_Sd-11T_426
UK-SP-06,SpreadEvents_5,AppliesTo/EventGroups/EventGroup,EventGroup,gr_Course_Sd-11P_427
UK-SP-06,SpreadEvents_5,AppliesTo/EventGroups/EventGroup,EventGroup,gr_Course_Sd-11g1_428
UK-SP-06,SpreadEvents_5,AppliesTo/EventGroups/EventGroup,EventGroup,gr_Course_Dt-11A_429
UK-SP-06,SpreadEvents_5,AppliesTo/EventGroups/EventGroup,EventGroup,gr_Course_Dt-11U_430
UK-SP-06,SpreadEvents_5,AppliesTo/EventGroups/EventGroup,EventGroup,gr_Course_Dt-11L_431
UK-SP-06,SpreadEvents_5,AppliesTo/EventGroups/EventGroup,EventGroup,gr_Course_Dt-11h1_432
UK-SP-06,SpreadEvents_5,AppliesTo/EventGroups/EventGroup,EventGroup,gr_Course_Dt-11h2_433
UK-SP-06,SpreadEvents_5,AppliesTo/EventGroups/EventGroup,EventGroup,gr_Course_Dv-11A_434
UK-SP-06,SpreadEvents_5,AppliesTo/EventGroups/EventGroup,EventGroup,gr_Course_En-11A_435
UK-SP-06,SpreadEvents_5,AppliesTo/EventGroups/EventGroup,EventGroup,gr_Course_En-11U_436
UK-SP-06,SpreadEvents_5,AppliesTo/EventGroups/EventGroup,EventGroup,gr_Course_En-11L_437
UK-SP-06,SpreadEvents_5,AppliesTo/EventGroups/EventGroup,EventGroup,gr_Course_En-11h1_438
UK-SP-06,SpreadEvents_5,AppliesTo/EventGroups/EventGroup,EventGroup,gr_Course_Ma-11A_439
UK-SP-06,SpreadEvents_5,AppliesTo/EventGroups/EventGroup,EventGroup,gr_Course_Ma-11U_440
UK-SP-06,SpreadEvents_5,AppliesTo/EventGroups/EventGroup,EventGroup,gr_Course_Ma-11L_441
UK-SP-06,SpreadEvents_5,AppliesTo/EventGroups/EventGroup,EventGroup,gr_Course_Ma-11h1_442
UK-SP-06,SpreadEvents_5,AppliesTo/EventGroups/EventGroup,EventGroup,gr_Course_Pe-11A_443
UK-SP-06,SpreadEvents_5,AppliesTo/EventGroups/EventGroup,EventGroup,gr_Course_Pe-11U_444
UK-SP-06,SpreadEvents_5,AppliesTo/EventGroups/EventGroup,EventGroup,gr_Course_Re-11A_446
UK-SP-06,SpreadEvents_5,AppliesTo/EventGroups/EventGroup,EventGroup,gr_Course_Re-11U_447
UK-SP-06,SpreadEvents_5,AppliesTo/EventGroups/EventGroup,EventGroup,gr_Course_Re-11L_448
UK-SP-06,SpreadEvents_5,AppliesTo/EventGroups/EventGroup,EventGroup,gr_Course_Re-11h1_449
UK-SP-06,SpreadEvents_5,AppliesTo/EventGroups/EventGroup,EventGroup,gr_Course_Sd-11U_450
UK-SP-06,SpreadEvents_5,AppliesTo/EventGroups/EventGroup,EventGroup,gr_Course_Sd-11L_451
UK-SP-06,SpreadEvents_5,AppliesTo/EventGroups/EventGroup,EventGroup,gr_Course_Sd-11h1_452
UK-SP-06,SpreadEvents_5,AppliesTo/EventGroups/EventGroup,EventGroup,gr_Course_Sd-11h2_453
UK-SP-06,SpreadEvents_5,AppliesTo/EventGroups/EventGroup,EventGroup,gr_Course_Sx-11A_454
UK-SP-06,SpreadEvents_5,AppliesTo/EventGroups/EventGroup,EventGroup,gr_Course_Mu-12a4_455
UK-SP-06,SpreadEvents_5,AppliesTo/EventGroups/EventGroup,EventGroup,gr_Course_Ma-12T_456
UK-SP-06,SpreadEvents_5,AppliesTo/EventGroups/EventGroup,EventGroup,gr_Course_Ph-12P_457
UK-SP-06,SpreadEvents_5,AppliesTo/EventGroups/EventGroup,EventGroup,gr_Course_Ge-12A_458
UK-SP-06,SpreadEvents_5,AppliesTo/EventGroups/EventGroup,EventGroup,gr_Course_Py-12a1_459
UK-SP-06,SpreadEvents_5,AppliesTo/EventGroups/EventGroup,EventGroup,gr_Course_En-12a2_460
UK-SP-06,SpreadEvents_5,AppliesTo/EventGroups/EventGroup,EventGroup,gr_Course_Py-12a3_461
UK-SP-06,SpreadEvents_5,AppliesTo/EventGroups/EventGroup,EventGroup,gr_Course_Ps-12A_463
UK-SP-06,SpreadEvents_5,AppliesTo/EventGroups/EventGroup,EventGroup,gr_Course_Bi-12T_464
UK-SP-06,SpreadEvents_5,AppliesTo/EventGroups/EventGroup,EventGroup,gr_Course_Fm-12P_465
UK-SP-06,SpreadEvents_5,AppliesTo/EventGroups/EventGroup,EventGroup,gr_Course_Hi-12A_466
UK-SP-06,SpreadEvents_5,AppliesTo/EventGroups/EventGroup,EventGroup,gr_Course_Pa-12a1_467
UK-SP-06,SpreadEvents_5,AppliesTo/EventGroups/EventGroup,EventGroup,gr_Course_Ec-12a2_468
UK-SP-06,SpreadEvents_5,AppliesTo/EventGroups/EventGroup,EventGroup,gr_Course_Dt-12a3_469
UK-SP-06,SpreadEvents_5,AppliesTo/EventGroups/EventGroup,EventGroup,gr_Course_Ch-12T_470
UK-SP-06,SpreadEvents_5,AppliesTo/EventGroups/EventGroup,EventGroup,gr_Course_So-12P_471
UK-SP-06,SpreadEvents_5,AppliesTo/EventGroups/EventGroup,EventGroup,gr_Course_Cp-12A_472
UK-SP-06,SpreadEvents_5,AppliesTo/EventGroups/EventGroup,EventGroup,gr_Course_Fr-12a1_473
UK-SP-06,SpreadEvents_5,AppliesTo/EventGroups/EventGroup,EventGroup,gr_Course_Ll-12a2_474
UK-SP-06,SpreadEvents_5,AppliesTo/EventGroups/EventGroup,EventGroup,gr_Course_Ce-12a3_475
UK-SP-06,SpreadEvents_5,AppliesTo/EventGroups/EventGroup,EventGroup,gr_Course_Bi-12P_476
UK-SP-06,SpreadEvents_5,AppliesTo/EventGroups/EventGroup,EventGroup,gr_Course_Ar-12T_477
UK-SP-06,SpreadEvents_5,AppliesTo/EventGroups/EventGroup,EventGroup,gr_Course_Rs-12A_478
UK-SP-06,SpreadEvents_5,AppliesTo/EventGroups/EventGroup,EventGroup,gr_Course_Fs-12a1_479
UK-SP-06,SpreadEvents_5,AppliesTo/EventGroups/EventGroup,EventGroup,gr_Course_Ma-12a2_480
UK-SP-06,SpreadEvents_5,AppliesTo/EventGroups/EventGroup,EventGroup,gr_Course_Ll-12a3_481
UK-SP-06,SpreadEvents_5,AppliesTo/EventGroups/EventGroup,EventGroup,gr_Course_En-12S_482
UK-SP-06,SpreadEvents_5,AppliesTo/EventGroups/EventGroup,EventGroup,gr_Course_Ma-12S_483
UK-SP-06,SpreadEvents_5,AppliesTo/EventGroups/EventGroup,EventGroup,gr_Course_Ps-12P_484
UK-SP-06,SpreadEvents_5,AppliesTo/EventGroups/EventGroup,EventGroup,gr_Course_Re-12S_485
UK-SP-06,SpreadEvents_5,AppliesTo/EventGroups/EventGroup,EventGroup,gr_Course_Re-12T_486
UK-SP-06,SpreadEvents_5,AppliesTo/EventGroups/EventGroup,EventGroup,gr_Course_Ps-12S_487
UK-SP-06,SpreadEvents_5,AppliesTo/EventGroups/EventGroup,EventGroup,gr_Course_Sc-12S_488
UK-SP-06,SpreadEvents_5,AppliesTo/EventGroups/EventGroup,EventGroup,gr_Course_Ps-12T_489
UK-SP-06,SpreadEvents_5,AppliesTo/EventGroups/EventGroup,EventGroup,gr_Course_Rs-13U_490
UK-SP-06,SpreadEvents_5,AppliesTo/EventGroups/EventGroup,EventGroup,gr_Course_Cp-13L_491
UK-SP-06,SpreadEvents_5,AppliesTo/EventGroups/EventGroup,EventGroup,gr_Course_Ar-13R_492
UK-SP-06,SpreadEvents_5,AppliesTo/EventGroups/EventGroup,EventGroup,gr_Course_Bi-13a1_493
UK-SP-06,SpreadEvents_5,AppliesTo/EventGroups/EventGroup,EventGroup,gr_Course_Fr-13a2_494
UK-SP-06,SpreadEvents_5,AppliesTo/EventGroups/EventGroup,EventGroup,gr_Course_Mu-13a3_495
UK-SP-06,SpreadEvents_5,AppliesTo/EventGroups/EventGroup,EventGroup,gr_Course_Ge-13U_496
UK-SP-06,SpreadEvents_5,AppliesTo/EventGroups/EventGroup,EventGroup,gr_Course_Ma-13L_497
UK-SP-06,SpreadEvents_5,AppliesTo/EventGroups/EventGroup,EventGroup,gr_Course_So-13R_498
UK-SP-06,SpreadEvents_5,AppliesTo/EventGroups/EventGroup,EventGroup,gr_Course_Fm-13a1_499
UK-SP-06,SpreadEvents_5,AppliesTo/EventGroups/EventGroup,EventGroup,gr_Course_En-13a2_500
UK-SP-06,SpreadEvents_5,AppliesTo/EventGroups/EventGroup,EventGroup,gr_Course_Ll-13a3_501
UK-SP-06,SpreadEvents_5,AppliesTo/EventGroups/EventGroup,EventGroup,gr_Course_Bi-13U_502
UK-SP-06,SpreadEvents_5,AppliesTo/EventGroups/EventGroup,EventGroup,gr_Course_Ec-13L_503
UK-SP-06,SpreadEvents_5,AppliesTo/EventGroups/EventGroup,EventGroup,gr_Course_Pa-13R_504
UK-SP-06,SpreadEvents_5,AppliesTo/EventGroups/EventGroup,EventGroup,gr_Course_Hi-13a1_505
UK-SP-06,SpreadEvents_5,AppliesTo/EventGroups/EventGroup,EventGroup,gr_Course_Ma-13a2_506
UK-SP-06,SpreadEvents_5,AppliesTo/EventGroups/EventGroup,EventGroup,gr_Course_Ph-13a3_507
UK-SP-06,SpreadEvents_5,AppliesTo/EventGroups/EventGroup,EventGroup,gr_Course_Py-13a4_508
UK-SP-06,SpreadEvents_5,AppliesTo/EventGroups/EventGroup,EventGroup,gr_Course_Ch-13U_509
UK-SP-06,SpreadEvents_5,AppliesTo/EventGroups/EventGroup,EventGroup,gr_Course_Dt-13L_510
UK-SP-06,SpreadEvents_5,AppliesTo/EventGroups/EventGroup,EventGroup,gr_Course_He-13R_511
UK-SP-06,SpreadEvents_5,AppliesTo/EventGroups/EventGroup,EventGroup,gr_Course_J.-13a1_512
UK-SP-06,SpreadEvents_5,AppliesTo/EventGroups/EventGroup,EventGroup,gr_Course_Ll-13a2_513
UK-SP-06,SpreadEvents_5,AppliesTo/EventGroups/EventGroup,EventGroup,gr_Course_Ps-13U_514
UK-SP-06,SpreadEvents_5,AppliesTo/EventGroups/EventGroup,EventGroup,gr_Course_Ps-13L_515
UK-SP-06,SpreadEvents_5,AppliesTo/EventGroups/EventGroup,EventGroup,gr_Course_Ps-13R_516
UK-SP-06,SpreadEvents_5,AppliesTo/EventGroups/EventGroup,EventGroup,gr_Course_Fr-7A_4
UK-SP-06,SpreadEvents_5,AppliesTo/EventGroups/EventGroup,EventGroup,gr_Course_Ge-7A_5
UK-SP-06,SpreadEvents_5,AppliesTo/EventGroups/EventGroup,EventGroup,gr_Course_Hi-7A_6
UK-SP-06,SpreadEvents_5,AppliesTo/EventGroups/EventGroup,EventGroup,gr_Course_Ps-7A_7
UK-SP-06,SpreadEvents_5,AppliesTo/EventGroups/EventGroup,EventGroup,gr_Course_Re-7A_8
UK-SP-06,SpreadEvents_5,AppliesTo/EventGroups/EventGroup,EventGroup,gr_Course_Sc-7A_9
UK-SP-06,SpreadEvents_5,AppliesTo/EventGroups/EventGroup,EventGroup,gr_Course_Fr-7L_10
UK-SP-06,SpreadEvents_5,AppliesTo/EventGroups/EventGroup,EventGroup,gr_Course_Ge-7L_11
UK-SP-06,SpreadEvents_5,AppliesTo/EventGroups/EventGroup,EventGroup,gr_Course_Hi-7L_12
UK-SP-06,SpreadEvents_5,AppliesTo/EventGroups/EventGroup,EventGroup,gr_Course_Ps-7L_13
UK-SP-06,SpreadEvents_5,AppliesTo/EventGroups/EventGroup,EventGroup,gr_Course_Re-7L_14
UK-SP-06,SpreadEvents_5,AppliesTo/EventGroups/EventGroup,EventGroup,gr_Course_Sc-7L_15
UK-SP-06,SpreadEvents_5,AppliesTo/EventGroups/EventGroup,EventGroup,gr_Course_Fr-7P_16
UK-SP-06,SpreadEvents_5,AppliesTo/EventGroups/EventGroup,EventGroup,gr_Course_Ge-7P_17
UK-SP-06,SpreadEvents_5,AppliesTo/EventGroups/EventGroup,EventGroup,gr_Course_Hi-7P_18
UK-SP-06,SpreadEvents_5,AppliesTo/EventGroups/EventGroup,EventGroup,gr_Course_Ps-7P_19
UK-SP-06,SpreadEvents_5,AppliesTo/EventGroups/EventGroup,EventGroup,gr_Course_Re-7P_20
UK-SP-06,SpreadEvents_5,AppliesTo/EventGroups/EventGroup,EventGroup,gr_Course_Sc-7P_21
UK-SP-06,SpreadEvents_5,AppliesTo/EventGroups/EventGroup,EventGroup,gr_Course_Fr-7S_22
UK-SP-06,SpreadEvents_5,AppliesTo/EventGroups/EventGroup,EventGroup,gr_Course_Ge-7S_23
UK-SP-06,SpreadEvents_5,AppliesTo/EventGroups/EventGroup,EventGroup,gr_Course_Hi-7S_24
UK-SP-06,SpreadEvents_5,AppliesTo/EventGroups/EventGroup,EventGroup,gr_Course_Ps-7S_25
UK-SP-06,SpreadEvents_5,AppliesTo/EventGroups/EventGroup,EventGroup,gr_Course_Re-7S_26
UK-SP-06,SpreadEvents_5,AppliesTo/EventGroups/EventGroup,EventGroup,gr_Course_Sc-7S_27
UK-SP-06,SpreadEvents_5,AppliesTo/EventGroups/EventGroup,EventGroup,gr_Course_Fr-7T_28
UK-SP-06,SpreadEvents_5,AppliesTo/EventGroups/EventGroup,EventGroup,gr_Course_Ge-7T_29
UK-SP-06,SpreadEvents_5,AppliesTo/EventGroups/EventGroup,EventGroup,gr_Course_Hi-7T_30
UK-SP-06,SpreadEvents_5,AppliesTo/EventGroups/EventGroup,EventGroup,gr_Course_Ps-7T_31
UK-SP-06,SpreadEvents_5,AppliesTo/EventGroups/EventGroup,EventGroup,gr_Course_Re-7T_32
UK-SP-06,SpreadEvents_5,AppliesTo/EventGroups/EventGroup,EventGroup,gr_Course_Sc-7T_33
UK-SP-06,SpreadEvents_5,AppliesTo/EventGroups/EventGroup,EventGroup,gr_Course_Ge-7U_34
UK-SP-06,SpreadEvents_5,AppliesTo/EventGroups/EventGroup,EventGroup,gr_Course_Hi-7U_35
UK-SP-06,SpreadEvents_5,AppliesTo/EventGroups/EventGroup,EventGroup,gr_Course_Ps-7U_36
UK-SP-06,SpreadEvents_5,AppliesTo/EventGroups/EventGroup,EventGroup,gr_Course_Re-7U_37
UK-SP-06,SpreadEvents_5,AppliesTo/EventGroups/EventGroup,EventGroup,gr_Course_Sc-7U_38
UK-SP-06,SpreadEvents_5,AppliesTo/EventGroups/EventGroup,EventGroup,gr_Course_Ar-7S_39
UK-SP-06,SpreadEvents_5,AppliesTo/EventGroups/EventGroup,EventGroup,gr_Course_Ar-7g1_40
UK-SP-06,SpreadEvents_5,AppliesTo/EventGroups/EventGroup,EventGroup,gr_Course_Ar-7P_41
UK-SP-06,SpreadEvents_5,AppliesTo/EventGroups/EventGroup,EventGroup,gr_Course_Dr-7S_43
UK-SP-06,SpreadEvents_5,AppliesTo/EventGroups/EventGroup,EventGroup,gr_Course_Dr-7T_44
UK-SP-06,SpreadEvents_5,AppliesTo/EventGroups/EventGroup,EventGroup,gr_Course_Dr-7g1_45
UK-SP-06,SpreadEvents_5,AppliesTo/EventGroups/EventGroup,EventGroup,gr_Course_Da-7g1_47
UK-SP-06,SpreadEvents_5,AppliesTo/EventGroups/EventGroup,EventGroup,gr_Course_Dt-7g1_48
UK-SP-06,SpreadEvents_5,AppliesTo/EventGroups/EventGroup,EventGroup,gr_Course_Dt-7g2_49
UK-SP-06,SpreadEvents_5,AppliesTo/EventGroups/EventGroup,EventGroup,gr_Course_Dt-7S_50
UK-SP-06,SpreadEvents_5,AppliesTo/EventGroups/EventGroup,EventGroup,gr_Course_Dt-7T_51
UK-SP-06,SpreadEvents_5,AppliesTo/EventGroups/EventGroup,EventGroup,gr_Course_Dt-7P_52
UK-SP-06,SpreadEvents_5,AppliesTo/EventGroups/EventGroup,EventGroup,gr_Course_En-7S_53
UK-SP-06,SpreadEvents_5,AppliesTo/EventGroups/EventGroup,EventGroup,gr_Course_En-7T_54
UK-SP-06,SpreadEvents_5,AppliesTo/EventGroups/EventGroup,EventGroup,gr_Course_En-7P_55
UK-SP-06,SpreadEvents_5,AppliesTo/EventGroups/EventGroup,EventGroup,gr_Course_It-7S_56
UK-SP-06,SpreadEvents_5,AppliesTo/EventGroups/EventGroup,EventGroup,gr_Course_It-7T_57
UK-SP-06,SpreadEvents_5,AppliesTo/EventGroups/EventGroup,EventGroup,gr_Course_It-7P_58
UK-SP-06,SpreadEvents_5,AppliesTo/EventGroups/EventGroup,EventGroup,gr_Course_Mu-7g1_59
UK-SP-06,SpreadEvents_5,AppliesTo/EventGroups/EventGroup,EventGroup,gr_Course_Mu-7T_60
UK-SP-06,SpreadEvents_5,AppliesTo/EventGroups/EventGroup,EventGroup,gr_Course_Mu-7P_61
UK-SP-06,SpreadEvents_5,AppliesTo/EventGroups/EventGroup,EventGroup,gr_Course_Pe-7S_62
UK-SP-06,SpreadEvents_5,AppliesTo/EventGroups/EventGroup,EventGroup,gr_Course_Pe-7T_63
UK-SP-06,SpreadEvents_5,AppliesTo/EventGroups/EventGroup,EventGroup,gr_Course_Pe-7P_64
UK-SP-06,SpreadEvents_5,AppliesTo/EventGroups/EventGroup,EventGroup,gr_Course_Ma-7S_66
UK-SP-06,SpreadEvents_5,AppliesTo/EventGroups/EventGroup,EventGroup,gr_Course_Ma-7T_67
UK-SP-06,SpreadEvents_5,AppliesTo/EventGroups/EventGroup,EventGroup,gr_Course_Ma-7P_68
UK-SP-06,SpreadEvents_5,AppliesTo/EventGroups/EventGroup,EventGroup,gr_Course_Ma-7A_69
UK-SP-06,SpreadEvents_5,AppliesTo/EventGroups/EventGroup,EventGroup,gr_Course_Ma-7U_70
UK-SP-06,SpreadEvents_5,AppliesTo/EventGroups/EventGroup,EventGroup,gr_Course_Ma-7L_71
UK-SP-06,SpreadEvents_5,AppliesTo/EventGroups/EventGroup,EventGroup,gr_Course_Ma-7g1_72
UK-SP-06,SpreadEvents_5,AppliesTo/EventGroups/EventGroup,EventGroup,gr_Course_Ar-7A_73
UK-SP-06,SpreadEvents_5,AppliesTo/EventGroups/EventGroup,EventGroup,gr_Course_Ar-7h1_74
UK-SP-06,SpreadEvents_5,AppliesTo/EventGroups/EventGroup,EventGroup,gr_Course_Ar-7L_75
UK-SP-06,SpreadEvents_5,AppliesTo/EventGroups/EventGroup,EventGroup,gr_Course_Da-7h1_76
UK-SP-06,SpreadEvents_5,AppliesTo/EventGroups/EventGroup,EventGroup,gr_Course_Dr-7A_77
UK-SP-06,SpreadEvents_5,AppliesTo/EventGroups/EventGroup,EventGroup,gr_Course_Dr-7U_78
UK-SP-06,SpreadEvents_5,AppliesTo/EventGroups/EventGroup,EventGroup,gr_Course_Dr-7h1_79
UK-SP-06,SpreadEvents_5,AppliesTo/EventGroups/EventGroup,EventGroup,gr_Course_Dt-7A_80
UK-SP-06,SpreadEvents_5,AppliesTo/EventGroups/EventGroup,EventGroup,gr_Course_Dt-7U_81
UK-SP-06,SpreadEvents_5,AppliesTo/EventGroups/EventGroup,EventGroup,gr_Course_Dt-7L_82
UK-SP-06,SpreadEvents_5,AppliesTo/EventGroups/EventGroup,EventGroup,gr_Course_Dt-7h1_83
UK-SP-06,SpreadEvents_5,AppliesTo/EventGroups/EventGroup,EventGroup,gr_Course_Dt-7h2_84
UK-SP-06,SpreadEvents_5,AppliesTo/EventGroups/EventGroup,EventGroup,gr_Course_En-7A_85
UK-SP-06,SpreadEvents_5,AppliesTo/EventGroups/EventGroup,EventGroup,gr_Course_En-7U_86
UK-SP-06,SpreadEvents_5,AppliesTo/EventGroups/EventGroup,EventGroup,gr_Course_En-7L_87
UK-SP-06,SpreadEvents_5,AppliesTo/EventGroups/EventGroup,EventGroup,gr_Course_It-7A_88
UK-SP-06,SpreadEvents_5,AppliesTo/EventGroups/EventGroup,EventGroup,gr_Course_It-7U_89
UK-SP-06,SpreadEvents_5,AppliesTo/EventGroups/EventGroup,EventGroup,gr_Course_It-7L_90
UK-SP-06,SpreadEvents_5,AppliesTo/EventGroups/EventGroup,EventGroup,gr_Course_Mu-7U_92
UK-SP-06,SpreadEvents_5,AppliesTo/EventGroups/EventGroup,EventGroup,gr_Course_Mu-7L_93
UK-SP-06,SpreadEvents_5,AppliesTo/EventGroups/EventGroup,EventGroup,gr_Course_Pe-7A_94
UK-SP-06,SpreadEvents_5,AppliesTo/EventGroups/EventGroup,EventGroup,gr_Course_Pe-7U_95
UK-SP-06,SpreadEvents_5,AppliesTo/EventGroups/EventGroup,EventGroup,gr_Course_Pe-7L_96
UK-SP-06,SpreadEvents_5,AppliesTo/EventGroups/EventGroup,EventGroup,gr_Course_Fr-7U_517
UK-SP-06,SpreadEvents_5,AppliesTo/EventGroups/EventGroup,EventGroup,gr_Course_Mu-7h1_579
UK-SP-06,SpreadEvents_5,AppliesTo/EventGroups/EventGroup,EventGroup,gr_Course_Ge-8A_97
UK-SP-06,SpreadEvents_5,AppliesTo/EventGroups/EventGroup,EventGroup,gr_Course_Hi-8A_98
UK-SP-06,SpreadEvents_5,AppliesTo/EventGroups/EventGroup,EventGroup,gr_Course_Ps-8A_99
UK-SP-06,SpreadEvents_5,AppliesTo/EventGroups/EventGroup,EventGroup,gr_Course_Re-8A_100
UK-SP-06,SpreadEvents_5,AppliesTo/EventGroups/EventGroup,EventGroup,gr_Course_Sc-8A_101
UK-SP-06,SpreadEvents_5,AppliesTo/EventGroups/EventGroup,EventGroup,gr_Course_Ge-8L_102
UK-SP-06,SpreadEvents_5,AppliesTo/EventGroups/EventGroup,EventGroup,gr_Course_Hi-8L_103
UK-SP-06,SpreadEvents_5,AppliesTo/EventGroups/EventGroup,EventGroup,gr_Course_Ps-8L_104
UK-SP-06,SpreadEvents_5,AppliesTo/EventGroups/EventGroup,EventGroup,gr_Course_Re-8L_105
UK-SP-06,SpreadEvents_5,AppliesTo/EventGroups/EventGroup,EventGroup,gr_Course_Sc-8L_106
UK-SP-06,SpreadEvents_5,AppliesTo/EventGroups/EventGroup,EventGroup,gr_Course_Ge-8P_107
UK-SP-06,SpreadEvents_5,AppliesTo/EventGroups/EventGroup,EventGroup,gr_Course_Hi-8P_108
UK-SP-06,SpreadEvents_5,AppliesTo/EventGroups/EventGroup,EventGroup,gr_Course_Ps-8P_109
UK-SP-06,SpreadEvents_5,AppliesTo/EventGroups/EventGroup,EventGroup,gr_Course_Re-8P_110
UK-SP-06,SpreadEvents_5,AppliesTo/EventGroups/EventGroup,EventGroup,gr_Course_Sc-8P_111
UK-SP-06,SpreadEvents_5,AppliesTo/EventGroups/EventGroup,EventGroup,gr_Course_Ge-8S_112
UK-SP-06,SpreadEvents_5,AppliesTo/EventGroups/EventGroup,EventGroup,gr_Course_Hi-8S_113
UK-SP-06,SpreadEvents_5,AppliesTo/EventGroups/EventGroup,EventGroup,gr_Course_Ps-8S_114
UK-SP-06,SpreadEvents_5,AppliesTo/EventGroups/EventGroup,EventGroup,gr_Course_Re-8S_115
UK-SP-06,SpreadEvents_5,AppliesTo/EventGroups/EventGroup,EventGroup,gr_Course_Sc-8S_116
UK-SP-06,SpreadEvents_5,AppliesTo/EventGroups/EventGroup,EventGroup,gr_Course_Ge-8T_117
UK-SP-06,SpreadEvents_5,AppliesTo/EventGroups/EventGroup,EventGroup,gr_Course_Hi-8T_118
UK-SP-06,SpreadEvents_5,AppliesTo/EventGroups/EventGroup,EventGroup,gr_Course_Ps-8T_119
UK-SP-06,SpreadEvents_5,AppliesTo/EventGroups/EventGroup,EventGroup,gr_Course_Re-8T_120
UK-SP-06,SpreadEvents_5,AppliesTo/EventGroups/EventGroup,EventGroup,gr_Course_Sc-8T_121
UK-SP-06,SpreadEvents_5,AppliesTo/EventGroups/EventGroup,EventGroup,gr_Course_Ge-8U_122
UK-SP-06,SpreadEvents_5,AppliesTo/EventGroups/EventGroup,EventGroup,gr_Course_Hi-8U_123
UK-SP-06,SpreadEvents_5,AppliesTo/EventGroups/EventGroup,EventGroup,gr_Course_Ps-8U_124
UK-SP-06,SpreadEvents_5,AppliesTo/EventGroups/EventGroup,EventGroup,gr_Course_Re-8U_125
UK-SP-06,SpreadEvents_5,AppliesTo/EventGroups/EventGroup,EventGroup,gr_Course_Sc-8U_126
UK-SP-06,SpreadEvents_5,AppliesTo/EventGroups/EventGroup,EventGroup,gr_Course_Ar-8S_127
UK-SP-06,SpreadEvents_5,AppliesTo/EventGroups/EventGroup,EventGroup,gr_Course_Ar-8g1_128
UK-SP-06,SpreadEvents_5,AppliesTo/EventGroups/EventGroup,EventGroup,gr_Course_Ar-8P_129
UK-SP-06,SpreadEvents_5,AppliesTo/EventGroups/EventGroup,EventGroup,gr_Course_Da-8g1_130
UK-SP-06,SpreadEvents_5,AppliesTo/EventGroups/EventGroup,EventGroup,gr_Course_Dr-8S_131
UK-SP-06,SpreadEvents_5,AppliesTo/EventGroups/EventGroup,EventGroup,gr_Course_Dr-8T_132
UK-SP-06,SpreadEvents_5,AppliesTo/EventGroups/EventGroup,EventGroup,gr_Course_Dr-8g1_133
UK-SP-06,SpreadEvents_5,AppliesTo/EventGroups/EventGroup,EventGroup,gr_Course_Dt-8S_134
UK-SP-06,SpreadEvents_5,AppliesTo/EventGroups/EventGroup,EventGroup,gr_Course_Dt-8T_135
UK-SP-06,SpreadEvents_5,AppliesTo/EventGroups/EventGroup,EventGroup,gr_Course_Dt-8P_136
UK-SP-06,SpreadEvents_5,AppliesTo/EventGroups/EventGroup,EventGroup,gr_Course_Dt-8g1_137
UK-SP-06,SpreadEvents_5,AppliesTo/EventGroups/EventGroup,EventGroup,gr_Course_Dt-8g2_138
UK-SP-06,SpreadEvents_5,AppliesTo/EventGroups/EventGroup,EventGroup,gr_Course_En-8S_140
UK-SP-06,SpreadEvents_5,AppliesTo/EventGroups/EventGroup,EventGroup,gr_Course_En-8T_141
UK-SP-06,SpreadEvents_5,AppliesTo/EventGroups/EventGroup,EventGroup,gr_Course_En-8P_142
UK-SP-06,SpreadEvents_5,AppliesTo/EventGroups/EventGroup,EventGroup,gr_Course_En-8g1_143
UK-SP-06,SpreadEvents_5,AppliesTo/EventGroups/EventGroup,EventGroup,gr_Course_Fr-8S_144
UK-SP-06,SpreadEvents_5,AppliesTo/EventGroups/EventGroup,EventGroup,gr_Course_Fr-8T_145
UK-SP-06,SpreadEvents_5,AppliesTo/EventGroups/EventGroup,EventGroup,gr_Course_Fr-8P_146
UK-SP-06,SpreadEvents_5,AppliesTo/EventGroups/EventGroup,EventGroup,gr_Course_Fr-8g1_147
UK-SP-06,SpreadEvents_5,AppliesTo/EventGroups/EventGroup,EventGroup,gr_Course_It-8S_148
UK-SP-06,SpreadEvents_5,AppliesTo/EventGroups/EventGroup,EventGroup,gr_Course_It-8T_149
UK-SP-06,SpreadEvents_5,AppliesTo/EventGroups/EventGroup,EventGroup,gr_Course_It-8P_150
UK-SP-06,SpreadEvents_5,AppliesTo/EventGroups/EventGroup,EventGroup,gr_Course_Ma-8S_151
UK-SP-06,SpreadEvents_5,AppliesTo/EventGroups/EventGroup,EventGroup,gr_Course_Ma-8T_152
UK-SP-06,SpreadEvents_5,AppliesTo/EventGroups/EventGroup,EventGroup,gr_Course_Ma-8P_153
UK-SP-06,SpreadEvents_5,AppliesTo/EventGroups/EventGroup,EventGroup,gr_Course_Ma-8g1_154
UK-SP-06,SpreadEvents_5,AppliesTo/EventGroups/EventGroup,EventGroup,gr_Course_Mu-8g1_155
UK-SP-06,SpreadEvents_5,AppliesTo/EventGroups/EventGroup,EventGroup,gr_Course_Mu-8T_156
UK-SP-06,SpreadEvents_5,AppliesTo/EventGroups/EventGroup,EventGroup,gr_Course_Mu-8P_157
UK-SP-06,SpreadEvents_5,AppliesTo/EventGroups/EventGroup,EventGroup,gr_Course_Pe-8S_158
UK-SP-06,SpreadEvents_5,AppliesTo/EventGroups/EventGroup,EventGroup,gr_Course_Pe-8T_159
UK-SP-06,SpreadEvents_5,AppliesTo/EventGroups/EventGroup,EventGroup,gr_Course_Pe-8P_160
UK-SP-06,SpreadEvents_5,AppliesTo/EventGroups/EventGroup,EventGroup,gr_Course_Ar-8A_161
UK-SP-06,SpreadEvents_5,AppliesTo/EventGroups/EventGroup,EventGroup,gr_Course_Ar-8h1_162
UK-SP-06,SpreadEvents_5,AppliesTo/EventGroups/EventGroup,EventGroup,gr_Course_Ar-8L_163
UK-SP-06,SpreadEvents_5,AppliesTo/EventGroups/EventGroup,EventGroup,gr_Course_Da-8h1_164
UK-SP-06,SpreadEvents_5,AppliesTo/EventGroups/EventGroup,EventGroup,gr_Course_Dr-8A_165
UK-SP-06,SpreadEvents_5,AppliesTo/EventGroups/EventGroup,EventGroup,gr_Course_Dr-8U_166
UK-SP-06,SpreadEvents_5,AppliesTo/EventGroups/EventGroup,EventGroup,gr_Course_Dr-8h1_167
UK-SP-06,SpreadEvents_5,AppliesTo/EventGroups/EventGroup,EventGroup,gr_Course_Dt-8A_168
UK-SP-06,SpreadEvents_5,AppliesTo/EventGroups/EventGroup,EventGroup,gr_Course_Dt-8U_169
UK-SP-06,SpreadEvents_5,AppliesTo/EventGroups/EventGroup,EventGroup,gr_Course_Dt-8L_170
UK-SP-06,SpreadEvents_5,AppliesTo/EventGroups/EventGroup,EventGroup,gr_Course_Dt-8h1_171
UK-SP-06,SpreadEvents_5,AppliesTo/EventGroups/EventGroup,EventGroup,gr_Course_Dt-8h2_172
UK-SP-06,SpreadEvents_5,AppliesTo/EventGroups/EventGroup,EventGroup,gr_Course_En-8A_173
UK-SP-06,SpreadEvents_5,AppliesTo/EventGroups/EventGroup,EventGroup,gr_Course_En-8U_174
UK-SP-06,SpreadEvents_5,AppliesTo/EventGroups/EventGroup,EventGroup,gr_Course_En-8L_175
UK-SP-06,SpreadEvents_5,AppliesTo/EventGroups/EventGroup,EventGroup,gr_Course_En-8h1_176
UK-SP-06,SpreadEvents_5,AppliesTo/EventGroups/EventGroup,EventGroup,gr_Course_Fr-8A_177
UK-SP-06,SpreadEvents_5,AppliesTo/EventGroups/EventGroup,EventGroup,gr_Course_Fr-8U_178
UK-SP-06,SpreadEvents_5,AppliesTo/EventGroups/EventGroup,EventGroup,gr_Course_Fr-8L_179
UK-SP-06,SpreadEvents_5,AppliesTo/EventGroups/EventGroup,EventGroup,gr_Course_Fr-8h1_180
UK-SP-06,SpreadEvents_5,AppliesTo/EventGroups/EventGroup,EventGroup,gr_Course_It-8A_181
UK-SP-06,SpreadEvents_5,AppliesTo/EventGroups/EventGroup,EventGroup,gr_Course_It-8U_182
UK-SP-06,SpreadEvents_5,AppliesTo/EventGroups/EventGroup,EventGroup,gr_Course_It-8L_183
UK-SP-06,SpreadEvents_5,AppliesTo/EventGroups/EventGroup,EventGroup,gr_Course_Ma-8A_184
UK-SP-06,SpreadEvents_5,AppliesTo/EventGroups/EventGroup,EventGroup,gr_Course_Ma-8U_185
UK-SP-06,SpreadEvents_5,AppliesTo/EventGroups/EventGroup,EventGroup,gr_Course_Ma-8L_186
UK-SP-06,SpreadEvents_5,AppliesTo/EventGroups/EventGroup,EventGroup,gr_Course_Ma-8h1_187
UK-SP-06,SpreadEvents_5,AppliesTo/EventGroups/EventGroup,EventGroup,gr_Course_Mu-8h1_188
UK-SP-06,SpreadEvents_5,AppliesTo/EventGroups/EventGroup,EventGroup,gr_Course_Mu-8U_189
UK-SP-06,SpreadEvents_5,AppliesTo/EventGroups/EventGroup,EventGroup,gr_Course_Mu-8L_190
UK-SP-06,SpreadEvents_5,AppliesTo/EventGroups/EventGroup,EventGroup,gr_Course_Pe-8A_191
UK-SP-06,SpreadEvents_5,AppliesTo/EventGroups/EventGroup,EventGroup,gr_Course_Pe-8U_192
UK-SP-06,SpreadEvents_5,AppliesTo/EventGroups/EventGroup,EventGroup,gr_Course_Pe-8L_193
UK-SP-06,SpreadEvents_5,AppliesTo/EventGroups/EventGroup,EventGroup,gr_Course_Ps-9A_194
UK-SP-06,SpreadEvents_5,AppliesTo/EventGroups/EventGroup,EventGroup,gr_Course_Re-9A_195
UK-SP-06,SpreadEvents_5,AppliesTo/EventGroups/EventGroup,EventGroup,gr_Course_Ps-9L_196
UK-SP-06,SpreadEvents_5,AppliesTo/EventGroups/EventGroup,EventGroup,gr_Course_Re-9L_197
UK-SP-06,SpreadEvents_5,AppliesTo/EventGroups/EventGroup,EventGroup,gr_Course_Ps-9P_198
UK-SP-06,SpreadEvents_5,AppliesTo/EventGroups/EventGroup,EventGroup,gr_Course_Re-9P_199
UK-SP-06,SpreadEvents_5,AppliesTo/EventGroups/EventGroup,EventGroup,gr_Course_Ps-9S_200
UK-SP-06,SpreadEvents_5,AppliesTo/EventGroups/EventGroup,EventGroup,gr_Course_Re-9S_201
UK-SP-06,SpreadEvents_5,AppliesTo/EventGroups/EventGroup,EventGroup,gr_Course_Ps-9T_202
UK-SP-06,SpreadEvents_5,AppliesTo/EventGroups/EventGroup,EventGroup,gr_Course_Re-9T_203
UK-SP-06,SpreadEvents_5,AppliesTo/EventGroups/EventGroup,EventGroup,gr_Course_Ps-9U_204
UK-SP-06,SpreadEvents_5,AppliesTo/EventGroups/EventGroup,EventGroup,gr_Course_Re-9U_205
UK-SP-06,SpreadEvents_5,AppliesTo/EventGroups/EventGroup,EventGroup,gr_Course_Ar-9S_206
UK-SP-06,SpreadEvents_5,AppliesTo/EventGroups/EventGroup,EventGroup,gr_Course_Ar-9g1_207
UK-SP-06,SpreadEvents_5,AppliesTo/EventGroups/EventGroup,EventGroup,gr_Course_Ar-9P_208
UK-SP-06,SpreadEvents_5,AppliesTo/EventGroups/EventGroup,EventGroup,gr_Course_Da-9S_209
UK-SP-06,SpreadEvents_5,AppliesTo/EventGroups/EventGroup,EventGroup,gr_Course_Da-9T_210
UK-SP-06,SpreadEvents_5,AppliesTo/EventGroups/EventGroup,EventGroup,gr_Course_Da-9P_211
UK-SP-06,SpreadEvents_5,AppliesTo/EventGroups/EventGroup,EventGroup,gr_Course_Dr-9S_212
UK-SP-06,SpreadEvents_5,AppliesTo/EventGroups/EventGroup,EventGroup,gr_Course_Dr-9T_213
UK-SP-06,SpreadEvents_5,AppliesTo/EventGroups/EventGroup,EventGroup,gr_Course_Dr-9g1_214
UK-SP-06,SpreadEvents_5,AppliesTo/EventGroups/EventGroup,EventGroup,gr_Course_Dt-9S_216
UK-SP-06,SpreadEvents_5,AppliesTo/EventGroups/EventGroup,EventGroup,gr_Course_Dt-9T_217
UK-SP-06,SpreadEvents_5,AppliesTo/EventGroups/EventGroup,EventGroup,gr_Course_Dt-9P_218
UK-SP-06,SpreadEvents_5,AppliesTo/EventGroups/EventGroup,EventGroup,gr_Course_Dt-9g1_219
UK-SP-06,SpreadEvents_5,AppliesTo/EventGroups/EventGroup,EventGroup,gr_Course_Dt-9g2_220
UK-SP-06,SpreadEvents_5,AppliesTo/EventGroups/EventGroup,EventGroup,gr_Course_En-9S_221
UK-SP-06,SpreadEvents_5,AppliesTo/EventGroups/EventGroup,EventGroup,gr_Course_En-9T_222
UK-SP-06,SpreadEvents_5,AppliesTo/EventGroups/EventGroup,EventGroup,gr_Course_En-9P_223
UK-SP-06,SpreadEvents_5,AppliesTo/EventGroups/EventGroup,EventGroup,gr_Course_En-9g1_224
UK-SP-06,SpreadEvents_5,AppliesTo/EventGroups/EventGroup,EventGroup,gr_Course_Fr-9S_225
UK-SP-06,SpreadEvents_5,AppliesTo/EventGroups/EventGroup,EventGroup,gr_Course_Fr-9T_226
UK-SP-06,SpreadEvents_5,AppliesTo/EventGroups/EventGroup,EventGroup,gr_Course_Fr-9P_227
UK-SP-06,SpreadEvents_5,AppliesTo/EventGroups/EventGroup,EventGroup,gr_Course_Fr-9g1_228
UK-SP-06,SpreadEvents_5,AppliesTo/EventGroups/EventGroup,EventGroup,gr_Course_Ge-9S_229
UK-SP-06,SpreadEvents_5,AppliesTo/EventGroups/EventGroup,EventGroup,gr_Course_Ge-9T_230
UK-SP-06,SpreadEvents_5,AppliesTo/EventGroups/EventGroup,EventGroup,gr_Course_Ge-9P_231
UK-SP-06,SpreadEvents_5,AppliesTo/EventGroups/EventGroup,EventGroup,gr_Course_Hi-9S_232
UK-SP-06,SpreadEvents_5,AppliesTo/EventGroups/EventGroup,EventGroup,gr_Course_Hi-9T_233
UK-SP-06,SpreadEvents_5,AppliesTo/EventGroups/EventGroup,EventGroup,gr_Course_Hi-9P_234
UK-SP-06,SpreadEvents_5,AppliesTo/EventGroups/EventGroup,EventGroup,gr_Course_It-9S_235
UK-SP-06,SpreadEvents_5,AppliesTo/EventGroups/EventGroup,EventGroup,gr_Course_It-9T_236
UK-SP-06,SpreadEvents_5,AppliesTo/EventGroups/EventGroup,EventGroup,gr_Course_It-9P_237
UK-SP-06,SpreadEvents_5,AppliesTo/EventGroups/EventGroup,EventGroup,gr_Course_It-9g1_238
UK-SP-06,SpreadEvents_5,AppliesTo/EventGroups/EventGroup,EventGroup,gr_Course_Ma-9S_239
UK-SP-06,SpreadEvents_5,AppliesTo/EventGroups/EventGroup,EventGroup,gr_Course_Ma-9T_240
UK-SP-06,SpreadEvents_5,AppliesTo/EventGroups/EventGroup,EventGroup,gr_Course_Ma-9P_241
UK-SP-06,SpreadEvents_5,AppliesTo/EventGroups/EventGroup,EventGroup,gr_Course_Ma-9g1_242
UK-SP-06,SpreadEvents_5,AppliesTo/EventGroups/EventGroup,EventGroup,gr_Course_Mu-9g1_243
UK-SP-06,SpreadEvents_5,AppliesTo/EventGroups/EventGroup,EventGroup,gr_Course_Mu-9T_244
UK-SP-06,SpreadEvents_5,AppliesTo/EventGroups/EventGroup,EventGroup,gr_Course_Mu-9P_245
UK-SP-06,SpreadEvents_5,AppliesTo/EventGroups/EventGroup,EventGroup,gr_Course_Pe-9S_246
UK-SP-06,SpreadEvents_5,AppliesTo/EventGroups/EventGroup,EventGroup,gr_Course_Pe-9T_247
UK-SP-06,SpreadEvents_5,AppliesTo/EventGroups/EventGroup,EventGroup,gr_Course_Pe-9P_248
UK-SP-06,SpreadEvents_5,AppliesTo/EventGroups/EventGroup,EventGroup,gr_Course_Sc-9S_249
UK-SP-06,SpreadEvents_5,AppliesTo/EventGroups/EventGroup,EventGroup,gr_Course_Sc-9T_250
UK-SP-06,SpreadEvents_5,AppliesTo/EventGroups/EventGroup,EventGroup,gr_Course_Sc-9P_251
UK-SP-06,SpreadEvents_5,AppliesTo/EventGroups/EventGroup,EventGroup,gr_Course_Sc-9g1_252
UK-SP-06,SpreadEvents_5,AppliesTo/EventGroups/EventGroup,EventGroup,gr_Course_Ar-9A_253
UK-SP-06,SpreadEvents_5,AppliesTo/EventGroups/EventGroup,EventGroup,gr_Course_Ar-9h1_254
UK-SP-06,SpreadEvents_5,AppliesTo/EventGroups/EventGroup,EventGroup,gr_Course_Ar-9L_255
UK-SP-06,SpreadEvents_5,AppliesTo/EventGroups/EventGroup,EventGroup,gr_Course_Da-9A_256
UK-SP-06,SpreadEvents_5,AppliesTo/EventGroups/EventGroup,EventGroup,gr_Course_Da-9U_257
UK-SP-06,SpreadEvents_5,AppliesTo/EventGroups/EventGroup,EventGroup,gr_Course_Da-9L_258
UK-SP-06,SpreadEvents_5,AppliesTo/EventGroups/EventGroup,EventGroup,gr_Course_Dr-9A_259
UK-SP-06,SpreadEvents_5,AppliesTo/EventGroups/EventGroup,EventGroup,gr_Course_Dr-9U_260
UK-SP-06,SpreadEvents_5,AppliesTo/EventGroups/EventGroup,EventGroup,gr_Course_Dr-9h1_261
UK-SP-06,SpreadEvents_5,AppliesTo/EventGroups/EventGroup,EventGroup,gr_Course_Dt-9A_262
UK-SP-06,SpreadEvents_5,AppliesTo/EventGroups/EventGroup,EventGroup,gr_Course_Dt-9U_263
UK-SP-06,SpreadEvents_5,AppliesTo/EventGroups/EventGroup,EventGroup,gr_Course_Dt-9L_264
UK-SP-06,SpreadEvents_5,AppliesTo/EventGroups/EventGroup,EventGroup,gr_Course_Dt-9h1_265
UK-SP-06,SpreadEvents_5,AppliesTo/EventGroups/EventGroup,EventGroup,gr_Course_Dt-9h2_266
UK-SP-06,SpreadEvents_5,AppliesTo/EventGroups/EventGroup,EventGroup,gr_Course_En-9A_267
UK-SP-06,SpreadEvents_5,AppliesTo/EventGroups/EventGroup,EventGroup,gr_Course_En-9U_268
UK-SP-06,SpreadEvents_5,AppliesTo/EventGroups/EventGroup,EventGroup,gr_Course_En-9L_269
UK-SP-06,SpreadEvents_5,AppliesTo/EventGroups/EventGroup,EventGroup,gr_Course_En-9h1_270
UK-SP-06,SpreadEvents_5,AppliesTo/EventGroups/EventGroup,EventGroup,gr_Course_Fr-9A_271
UK-SP-06,SpreadEvents_5,AppliesTo/EventGroups/EventGroup,EventGroup,gr_Course_Fr-9U_272
UK-SP-06,SpreadEvents_5,AppliesTo/EventGroups/EventGroup,EventGroup,gr_Course_Fr-9L_273
UK-SP-06,SpreadEvents_5,AppliesTo/EventGroups/EventGroup,EventGroup,gr_Course_Fr-9h1_274
UK-SP-06,SpreadEvents_5,AppliesTo/EventGroups/EventGroup,EventGroup,gr_Course_Ge-9A_275
UK-SP-06,SpreadEvents_5,AppliesTo/EventGroups/EventGroup,EventGroup,gr_Course_Ge-9U_276
UK-SP-06,SpreadEvents_5,AppliesTo/EventGroups/EventGroup,EventGroup,gr_Course_Ge-9L_277
UK-SP-06,SpreadEvents_5,AppliesTo/EventGroups/EventGroup,EventGroup,gr_Course_Hi-9A_278
UK-SP-06,SpreadEvents_5,AppliesTo/EventGroups/EventGroup,EventGroup,gr_Course_Hi-9U_279
UK-SP-06,SpreadEvents_5,AppliesTo/EventGroups/EventGroup,EventGroup,gr_Course_Hi-9L_280
UK-SP-06,SpreadEvents_5,AppliesTo/EventGroups/EventGroup,EventGroup,gr_Course_It-9A_281
UK-SP-06,SpreadEvents_5,AppliesTo/EventGroups/EventGroup,EventGroup,gr_Course_It-9U_282
UK-SP-06,SpreadEvents_5,AppliesTo/EventGroups/EventGroup,EventGroup,gr_Course_It-9L_283
UK-SP-06,SpreadEvents_5,AppliesTo/EventGroups/EventGroup,EventGroup,gr_Course_It-9h1_284
UK-SP-06,SpreadEvents_5,AppliesTo/EventGroups/EventGroup,EventGroup,gr_Course_Ma-9A_285
UK-SP-06,SpreadEvents_5,AppliesTo/EventGroups/EventGroup,EventGroup,gr_Course_Ma-9U_286
UK-SP-06,SpreadEvents_5,AppliesTo/EventGroups/EventGroup,EventGroup,gr_Course_Ma-9L_287
UK-SP-06,SpreadEvents_5,AppliesTo/EventGroups/EventGroup,EventGroup,gr_Course_Ma-9h1_288
UK-SP-06,SpreadEvents_5,AppliesTo/EventGroups/EventGroup,EventGroup,gr_Course_Mu-9h1_289
UK-SP-06,SpreadEvents_5,AppliesTo/EventGroups/EventGroup,EventGroup,gr_Course_Mu-9U_290
UK-SP-06,SpreadEvents_5,AppliesTo/EventGroups/EventGroup,EventGroup,gr_Course_Mu-9L_291
UK-SP-06,SpreadEvents_5,AppliesTo/EventGroups/EventGroup,EventGroup,gr_Course_Pe-9A_292
UK-SP-06,SpreadEvents_5,AppliesTo/EventGroups/EventGroup,EventGroup,gr_Course_Pe-9U_293
UK-SP-06,SpreadEvents_5,AppliesTo/EventGroups/EventGroup,EventGroup,gr_Course_Pe-9L_294
UK-SP-06,SpreadEvents_5,AppliesTo/EventGroups/EventGroup,EventGroup,gr_Course_Sc-9A_295
UK-SP-06,SpreadEvents_5,AppliesTo/EventGroups/EventGroup,EventGroup,gr_Course_Sc-9U_296
UK-SP-06,SpreadEvents_5,AppliesTo/EventGroups/EventGroup,EventGroup,gr_Course_Sc-9L_297
UK-SP-06,SpreadEvents_5,AppliesTo/EventGroups/EventGroup,EventGroup,gr_Course_Sc-9h1_298
UK-SP-06,SpreadEvents_6,AppliesTo/EventGroups/EventGroup,EventGroup,gr_Course_Dv-10A_315
UK-SP-06,LinkEventsConstraint_7,AppliesTo/EventGroups/EventGroup,EventGroup,gr_Dt10g1
UK-SP-06,LinkEventsConstraint_7,AppliesTo/EventGroups/EventGroup,EventGroup,gr_Dt10h4
UK-SP-06,LinkEventsConstraint_7,AppliesTo/EventGroups/EventGroup,EventGroup,gr_Dt11g7
UK-SP-06,LinkEventsConstraint_7,AppliesTo/EventGroups/EventGroup,EventGroup,gr_Dt11h10
UK-SP-06,LinkEventsConstraint_7,AppliesTo/EventGroups/EventGroup,EventGroup,gr_Dt7g13
UK-SP-06,LinkEventsConstraint_7,AppliesTo/EventGroups/EventGroup,EventGroup,gr_Dt7h15
UK-SP-06,LinkEventsConstraint_7,AppliesTo/EventGroups/EventGroup,EventGroup,gr_Dt8g17
UK-SP-06,LinkEventsConstraint_7,AppliesTo/EventGroups/EventGroup,EventGroup,gr_Dt8h19
UK-SP-06,LinkEventsConstraint_7,AppliesTo/EventGroups/EventGroup,EventGroup,gr_Dt9g21
UK-SP-06,LinkEventsConstraint_7,AppliesTo/EventGroups/EventGroup,EventGroup,gr_Dt9h23
UK-SP-06,LinkEventsConstraint_7,AppliesTo/EventGroups/EventGroup,EventGroup,gr_En10g25
UK-SP-06,LinkEventsConstraint_7,AppliesTo/EventGroups/EventGroup,EventGroup,gr_En10h29
UK-SP-06,LinkEventsConstraint_7,AppliesTo/EventGroups/EventGroup,EventGroup,gr_En11g33
UK-SP-06,LinkEventsConstraint_7,AppliesTo/EventGroups/EventGroup,EventGroup,gr_En11h36
UK-SP-06,LinkEventsConstraint_7,AppliesTo/EventGroups/EventGroup,EventGroup,gr_En7g39
UK-SP-06,LinkEventsConstraint_7,AppliesTo/EventGroups/EventGroup,EventGroup,gr_En7h42
UK-SP-06,LinkEventsConstraint_7,AppliesTo/EventGroups/EventGroup,EventGroup,gr_En8g45
UK-SP-06,LinkEventsConstraint_7,AppliesTo/EventGroups/EventGroup,EventGroup,gr_En8h48
UK-SP-06,LinkEventsConstraint_7,AppliesTo/EventGroups/EventGroup,EventGroup,gr_En9g51
UK-SP-06,LinkEventsConstraint_7,AppliesTo/EventGroups/EventGroup,EventGroup,gr_En9h54
UK-SP-06,LinkEventsConstraint_7,AppliesTo/EventGroups/EventGroup,EventGroup,gr_Fr8g57
UK-SP-06,LinkEventsConstraint_7,AppliesTo/EventGroups/EventGroup,EventGroup,gr_Fr8h59
UK-SP-06,LinkEventsConstraint_7,AppliesTo/EventGroups/EventGroup,EventGroup,gr_Fr9g61
UK-SP-06,LinkEventsConstraint_7,AppliesTo/EventGroups/EventGroup,EventGroup,gr_Fr9h63
UK-SP-06,LinkEventsConstraint_7,AppliesTo/EventGroups/EventGroup,EventGroup,gr_Ma10g65
UK-SP-06,LinkEventsConstraint_7,AppliesTo/EventGroups/EventGroup,EventGroup,gr_Ma10h68
UK-SP-06,LinkEventsConstraint_7,AppliesTo/EventGroups/EventGroup,EventGroup,gr_Ma11g71
UK-SP-06,LinkEventsConstraint_7,AppliesTo/EventGroups/EventGroup,EventGroup,gr_Ma11h74
UK-SP-06,LinkEventsConstraint_7,AppliesTo/EventGroups/EventGroup,EventGroup,gr_Ma777
UK-SP-06,LinkEventsConstraint_7,AppliesTo/EventGroups/EventGroup,EventGroup,gr_Ma8g80
UK-SP-06,LinkEventsConstraint_7,AppliesTo/EventGroups/EventGroup,EventGroup,gr_Ma8h83
UK-SP-06,LinkEventsConstraint_7,AppliesTo/EventGroups/EventGroup,EventGroup,gr_Ma9g86
UK-SP-06,LinkEventsConstraint_7,AppliesTo/EventGroups/EventGroup,EventGroup,gr_Ma9h89
UK-SP-06,LinkEventsConstraint_7,AppliesTo/EventGroups/EventGroup,EventGroup,gr_OptionA1092
UK-SP-06,LinkEventsConstraint_7,AppliesTo/EventGroups/EventGroup,EventGroup,gr_OptionA1195
UK-SP-06,LinkEventsConstraint_7,AppliesTo/EventGroups/EventGroup,EventGroup,gr_OptionA1398
UK-SP-06,LinkEventsConstraint_7,AppliesTo/EventGroups/EventGroup,EventGroup,gr_OptionB10103
UK-SP-06,LinkEventsConstraint_7,AppliesTo/EventGroups/EventGroup,EventGroup,gr_OptionB11106
UK-SP-06,LinkEventsConstraint_7,AppliesTo/EventGroups/EventGroup,EventGroup,gr_OptionB12109
UK-SP-06,LinkEventsConstraint_7,AppliesTo/EventGroups/EventGroup,EventGroup,gr_OptionB13114
UK-SP-06,LinkEventsConstraint_7,AppliesTo/EventGroups/EventGroup,EventGroup,gr_OptionC12119
UK-SP-06,LinkEventsConstraint_7,AppliesTo/EventGroups/EventGroup,EventGroup,gr_OptionC13124
UK-SP-06,LinkEventsConstraint_7,AppliesTo/EventGroups/EventGroup,EventGroup,gr_OptionD12128
UK-SP-06,LinkEventsConstraint_7,AppliesTo/EventGroups/EventGroup,EventGroup,gr_OptionD13133
UK-SP-06,LinkEventsConstraint_7,AppliesTo/EventGroups/EventGroup,EventGroup,gr_Pe10g138
UK-SP-06,LinkEventsConstraint_7,AppliesTo/EventGroups/EventGroup,EventGroup,gr_Pe10h139
UK-SP-06,LinkEventsConstraint_7,AppliesTo/EventGroups/EventGroup,EventGroup,gr_Pe11g140
UK-SP-06,LinkEventsConstraint_7,AppliesTo/EventGroups/EventGroup,EventGroup,gr_Pe11h141
UK-SP-06,LinkEventsConstraint_7,AppliesTo/EventGroups/EventGroup,EventGroup,gr_Pe7g142
UK-SP-06,LinkEventsConstraint_7,AppliesTo/EventGroups/EventGroup,EventGroup,gr_Pe7h144
UK-SP-06,LinkEventsConstraint_7,AppliesTo/EventGroups/EventGroup,EventGroup,gr_Pe8g146
UK-SP-06,LinkEventsConstraint_7,AppliesTo/EventGroups/EventGroup,EventGroup,gr_Pe8h148
UK-SP-06,LinkEventsConstraint_7,AppliesTo/EventGroups/EventGroup,EventGroup,gr_Pe9g150
UK-SP-06,LinkEventsConstraint_7,AppliesTo/EventGroups/EventGroup,EventGroup,gr_Pe9h151
UK-SP-06,LinkEventsConstraint_7,AppliesTo/EventGroups/EventGroup,EventGroup,gr_Ps10152
UK-SP-06,LinkEventsConstraint_7,AppliesTo/EventGroups/EventGroup,EventGroup,gr_Ps11153
UK-SP-06,LinkEventsConstraint_7,AppliesTo/EventGroups/EventGroup,EventGroup,gr_Ps12154
UK-SP-06,LinkEventsConstraint_7,AppliesTo/EventGroups/EventGroup,EventGroup,gr_Ps13155
UK-SP-06,LinkEventsConstraint_7,AppliesTo/EventGroups/EventGroup,EventGroup,gr_Ps7156
UK-SP-06,LinkEventsConstraint_7,AppliesTo/EventGroups/EventGroup,EventGroup,gr_Ps8157
UK-SP-06,LinkEventsConstraint_7,AppliesTo/EventGroups/EventGroup,EventGroup,gr_Ps9158
UK-SP-06,LinkEventsConstraint_7,AppliesTo/EventGroups/EventGroup,EventGroup,gr_Re10g159
UK-SP-06,LinkEventsConstraint_7,AppliesTo/EventGroups/EventGroup,EventGroup,gr_Re10h161
UK-SP-06,LinkEventsConstraint_7,AppliesTo/EventGroups/EventGroup,EventGroup,gr_Re11g163
UK-SP-06,LinkEventsConstraint_7,AppliesTo/EventGroups/EventGroup,EventGroup,gr_Re11h166
UK-SP-06,LinkEventsConstraint_7,AppliesTo/EventGroups/EventGroup,EventGroup,gr_Re9g170
UK-SP-06,LinkEventsConstraint_7,AppliesTo/EventGroups/EventGroup,EventGroup,gr_Sd10g174
UK-SP-06,LinkEventsConstraint_7,AppliesTo/EventGroups/EventGroup,EventGroup,gr_Sd10h177
UK-SP-06,LinkEventsConstraint_7,AppliesTo/EventGroups/EventGroup,EventGroup,gr_Sd11g180
UK-SP-06,LinkEventsConstraint_7,AppliesTo/EventGroups/EventGroup,EventGroup,gr_Sd11h185
UK-SP-06,LinkEventsConstraint_7,AppliesTo/EventGroups/EventGroup,EventGroup,gr_OptionA12a192
UK-SP-06,LinkEventsConstraint_7,AppliesTo/EventGroups/EventGroup,EventGroup,gr_OptionA12b195
UK-SP-06,LinkEventsConstraint_7,AppliesTo/EventGroups/EventGroup,EventGroup,gr_Dt10g2
UK-SP-06,LinkEventsConstraint_7,AppliesTo/EventGroups/EventGroup,EventGroup,gr_Dt10g3
UK-SP-06,LinkEventsConstraint_7,AppliesTo/EventGroups/EventGroup,EventGroup,gr_Dt10h5
UK-SP-06,LinkEventsConstraint_7,AppliesTo/EventGroups/EventGroup,EventGroup,gr_Dt10h6
UK-SP-06,LinkEventsConstraint_7,AppliesTo/EventGroups/EventGroup,EventGroup,gr_Dt11g8
UK-SP-06,LinkEventsConstraint_7,AppliesTo/EventGroups/EventGroup,EventGroup,gr_Dt11g9
UK-SP-06,LinkEventsConstraint_7,AppliesTo/EventGroups/EventGroup,EventGroup,gr_Dt11h11
UK-SP-06,LinkEventsConstraint_7,AppliesTo/EventGroups/EventGroup,EventGroup,gr_Dt11h12
UK-SP-06,LinkEventsConstraint_7,AppliesTo/EventGroups/EventGroup,EventGroup,gr_Dt7g14
UK-SP-06,LinkEventsConstraint_7,AppliesTo/EventGroups/EventGroup,EventGroup,gr_Dt7h16
UK-SP-06,LinkEventsConstraint_7,AppliesTo/EventGroups/EventGroup,EventGroup,gr_Dt8g18
UK-SP-06,LinkEventsConstraint_7,AppliesTo/EventGroups/EventGroup,EventGroup,gr_Dt8h20
UK-SP-06,LinkEventsConstraint_7,AppliesTo/EventGroups/EventGroup,EventGroup,gr_Dt9g22
UK-SP-06,LinkEventsConstraint_7,AppliesTo/EventGroups/EventGroup,EventGroup,gr_Dt9h24
UK-SP-06,LinkEventsConstraint_7,AppliesTo/EventGroups/EventGroup,EventGroup,gr_En10g26
UK-SP-06,LinkEventsConstraint_7,AppliesTo/EventGroups/EventGroup,EventGroup,gr_En10g27
UK-SP-06,LinkEventsConstraint_7,AppliesTo/EventGroups/EventGroup,EventGroup,gr_En10g28
UK-SP-06,LinkEventsConstraint_7,AppliesTo/EventGroups/EventGroup,EventGroup,gr_En10h30
UK-SP-06,LinkEventsConstraint_7,AppliesTo/EventGroups/EventGroup,EventGroup,gr_En10h31
UK-SP-06,LinkEventsConstraint_7,AppliesTo/EventGroups/EventGroup,EventGroup,gr_En10h32
UK-SP-06,LinkEventsConstraint_7,AppliesTo/EventGroups/EventGroup,EventGroup,gr_En11g34
UK-SP-06,LinkEventsConstraint_7,AppliesTo/EventGroups/EventGroup,EventGroup,gr_En11g35
UK-SP-06,LinkEventsConstraint_7,AppliesTo/EventGroups/EventGroup,EventGroup,gr_En11h37
UK-SP-06,LinkEventsConstraint_7,AppliesTo/EventGroups/EventGroup,EventGroup,gr_En11h38
UK-SP-06,LinkEventsConstraint_7,AppliesTo/EventGroups/EventGroup,EventGroup,gr_En7g40
UK-SP-06,LinkEventsConstraint_7,AppliesTo/EventGroups/EventGroup,EventGroup,gr_En7g41
UK-SP-06,LinkEventsConstraint_7,AppliesTo/EventGroups/EventGroup,EventGroup,gr_En7h43
UK-SP-06,LinkEventsConstraint_7,AppliesTo/EventGroups/EventGroup,EventGroup,gr_En7h44
UK-SP-06,LinkEventsConstraint_7,AppliesTo/EventGroups/EventGroup,EventGroup,gr_En8g46
UK-SP-06,LinkEventsConstraint_7,AppliesTo/EventGroups/EventGroup,EventGroup,gr_En8g47
UK-SP-06,LinkEventsConstraint_7,AppliesTo/EventGroups/EventGroup,EventGroup,gr_En8h49
UK-SP-06,LinkEventsConstraint_7,AppliesTo/EventGroups/EventGroup,EventGroup,gr_En8h50
UK-SP-06,LinkEventsConstraint_7,AppliesTo/EventGroups/EventGroup,EventGroup,gr_En9g52
UK-SP-06,LinkEventsConstraint_7,AppliesTo/EventGroups/EventGroup,EventGroup,gr_En9g53
UK-SP-06,LinkEventsConstraint_7,AppliesTo/EventGroups/EventGroup,EventGroup,gr_En9h55
UK-SP-06,LinkEventsConstraint_7,AppliesTo/EventGroups/EventGroup,EventGroup,gr_En9h56
UK-SP-06,LinkEventsConstraint_7,AppliesTo/EventGroups/EventGroup,EventGroup,gr_Fr8g58
UK-SP-06,LinkEventsConstraint_7,AppliesTo/EventGroups/EventGroup,EventGroup,gr_Fr8h60
UK-SP-06,LinkEventsConstraint_7,AppliesTo/EventGroups/EventGroup,EventGroup,gr_Fr9g62
UK-SP-06,LinkEventsConstraint_7,AppliesTo/EventGroups/EventGroup,EventGroup,gr_Fr9h64
UK-SP-06,LinkEventsConstraint_7,AppliesTo/EventGroups/EventGroup,EventGroup,gr_Ma10g66
UK-SP-06,LinkEventsConstraint_7,AppliesTo/EventGroups/EventGroup,EventGroup,gr_Ma10g67
UK-SP-06,LinkEventsConstraint_7,AppliesTo/EventGroups/EventGroup,EventGroup,gr_Ma10h69
UK-SP-06,LinkEventsConstraint_7,AppliesTo/EventGroups/EventGroup,EventGroup,gr_Ma10h70
UK-SP-06,LinkEventsConstraint_7,AppliesTo/EventGroups/EventGroup,EventGroup,gr_Ma11g72
UK-SP-06,LinkEventsConstraint_7,AppliesTo/EventGroups/EventGroup,EventGroup,gr_Ma11g73
UK-SP-06,LinkEventsConstraint_7,AppliesTo/EventGroups/EventGroup,EventGroup,gr_Ma11h75
UK-SP-06,LinkEventsConstraint_7,AppliesTo/EventGroups/EventGroup,EventGroup,gr_Ma11h76
UK-SP-06,LinkEventsConstraint_7,AppliesTo/EventGroups/EventGroup,EventGroup,gr_Ma778
UK-SP-06,LinkEventsConstraint_7,AppliesTo/EventGroups/EventGroup,EventGroup,gr_Ma779
UK-SP-06,LinkEventsConstraint_7,AppliesTo/EventGroups/EventGroup,EventGroup,gr_Ma8g81
UK-SP-06,LinkEventsConstraint_7,AppliesTo/EventGroups/EventGroup,EventGroup,gr_Ma8g82
UK-SP-06,LinkEventsConstraint_7,AppliesTo/EventGroups/EventGroup,EventGroup,gr_Ma8h84
UK-SP-06,LinkEventsConstraint_7,AppliesTo/EventGroups/EventGroup,EventGroup,gr_Ma8h85
UK-SP-06,LinkEventsConstraint_7,AppliesTo/EventGroups/EventGroup,EventGroup,gr_Ma9g87
UK-SP-06,LinkEventsConstraint_7,AppliesTo/EventGroups/EventGroup,EventGroup,gr_Ma9g88
UK-SP-06,LinkEventsConstraint_7,AppliesTo/EventGroups/EventGroup,EventGroup,gr_Ma9h90
UK-SP-06,LinkEventsConstraint_7,AppliesTo/EventGroups/EventGroup,EventGroup,gr_Ma9h91
UK-SP-06,LinkEventsConstraint_7,AppliesTo/EventGroups/EventGroup,EventGroup,gr_OptionA1093
UK-SP-06,LinkEventsConstraint_7,AppliesTo/EventGroups/EventGroup,EventGroup,gr_OptionA1094
UK-SP-06,LinkEventsConstraint_7,AppliesTo/EventGroups/EventGroup,EventGroup,gr_OptionA1196
UK-SP-06,LinkEventsConstraint_7,AppliesTo/EventGroups/EventGroup,EventGroup,gr_OptionA1197
UK-SP-06,LinkEventsConstraint_7,AppliesTo/EventGroups/EventGroup,EventGroup,gr_OptionA1399
UK-SP-06,LinkEventsConstraint_7,AppliesTo/EventGroups/EventGroup,EventGroup,gr_OptionA13100
UK-SP-06,LinkEventsConstraint_7,AppliesTo/EventGroups/EventGroup,EventGroup,gr_OptionA13101
UK-SP-06,LinkEventsConstraint_7,AppliesTo/EventGroups/EventGroup,EventGroup,gr_OptionA13102
UK-SP-06,LinkEventsConstraint_7,AppliesTo/EventGroups/EventGroup,EventGroup,gr_OptionB10104
UK-SP-06,LinkEventsConstraint_7,AppliesTo/EventGroups/EventGroup,EventGroup,gr_OptionB10105
UK-SP-06,LinkEventsConstraint_7,AppliesTo/EventGroups/EventGroup,EventGroup,gr_OptionB11107
UK-SP-06,LinkEventsConstraint_7,AppliesTo/EventGroups/EventGroup,EventGroup,gr_OptionB11108
UK-SP-06,LinkEventsConstraint_7,AppliesTo/EventGroups/EventGroup,EventGroup,gr_OptionB12110
UK-SP-06,LinkEventsConstraint_7,AppliesTo/EventGroups/EventGroup,EventGroup,gr_OptionB12111
UK-SP-06,LinkEventsConstraint_7,AppliesTo/EventGroups/EventGroup,EventGroup,gr_OptionB12112
UK-SP-06,LinkEventsConstraint_7,AppliesTo/EventGroups/EventGroup,EventGroup,gr_OptionB12113
UK-SP-06,LinkEventsConstraint_7,AppliesTo/EventGroups/EventGroup,EventGroup,gr_OptionB13115
UK-SP-06,LinkEventsConstraint_7,AppliesTo/EventGroups/EventGroup,EventGroup,gr_OptionB13116
UK-SP-06,LinkEventsConstraint_7,AppliesTo/EventGroups/EventGroup,EventGroup,gr_OptionB13117
UK-SP-06,LinkEventsConstraint_7,AppliesTo/EventGroups/EventGroup,EventGroup,gr_OptionB13118
UK-SP-06,LinkEventsConstraint_7,AppliesTo/EventGroups/EventGroup,EventGroup,gr_OptionC12120
UK-SP-06,LinkEventsConstraint_7,AppliesTo/EventGroups/EventGroup,EventGroup,gr_OptionC12121
UK-SP-06,LinkEventsConstraint_7,AppliesTo/EventGroups/EventGroup,EventGroup,gr_OptionC12122
UK-SP-06,LinkEventsConstraint_7,AppliesTo/EventGroups/EventGroup,EventGroup,gr_OptionC12123
UK-SP-06,LinkEventsConstraint_7,AppliesTo/EventGroups/EventGroup,EventGroup,gr_OptionC13125
UK-SP-06,LinkEventsConstraint_7,AppliesTo/EventGroups/EventGroup,EventGroup,gr_OptionC13126
UK-SP-06,LinkEventsConstraint_7,AppliesTo/EventGroups/EventGroup,EventGroup,gr_OptionC13127
UK-SP-06,LinkEventsConstraint_7,AppliesTo/EventGroups/EventGroup,EventGroup,gr_OptionD12129
UK-SP-06,LinkEventsConstraint_7,AppliesTo/EventGroups/EventGroup,EventGroup,gr_OptionD12130
UK-SP-06,LinkEventsConstraint_7,AppliesTo/EventGroups/EventGroup,EventGroup,gr_OptionD12131
UK-SP-06,LinkEventsConstraint_7,AppliesTo/EventGroups/EventGroup,EventGroup,gr_OptionD12132
UK-SP-06,LinkEventsConstraint_7,AppliesTo/EventGroups/EventGroup,EventGroup,gr_OptionD13134
UK-SP-06,LinkEventsConstraint_7,AppliesTo/EventGroups/EventGroup,EventGroup,gr_OptionD13135
UK-SP-06,LinkEventsConstraint_7,AppliesTo/EventGroups/EventGroup,EventGroup,gr_OptionD13136
UK-SP-06,LinkEventsConstraint_7,AppliesTo/EventGroups/EventGroup,EventGroup,gr_OptionD13137
UK-SP-06,LinkEventsConstraint_7,AppliesTo/EventGroups/EventGroup,EventGroup,gr_Pe7g143
UK-SP-06,LinkEventsConstraint_7,AppliesTo/EventGroups/EventGroup,EventGroup,gr_Pe7h145
UK-SP-06,LinkEventsConstraint_7,AppliesTo/EventGroups/EventGroup,EventGroup,gr_Pe8g147
UK-SP-06,LinkEventsConstraint_7,AppliesTo/EventGroups/EventGroup,EventGroup,gr_Pe8h149
UK-SP-06,LinkEventsConstraint_7,AppliesTo/EventGroups/EventGroup,EventGroup,gr_Re10g160
UK-SP-06,LinkEventsConstraint_7,AppliesTo/EventGroups/EventGroup,EventGroup,gr_Re10h162
UK-SP-06,LinkEventsConstraint_7,AppliesTo/EventGroups/EventGroup,EventGroup,gr_Re11g164
UK-SP-06,LinkEventsConstraint_7,AppliesTo/EventGroups/EventGroup,EventGroup,gr_Re11g165
UK-SP-06,LinkEventsConstraint_7,AppliesTo/EventGroups/EventGroup,EventGroup,gr_Re11h167
UK-SP-06,LinkEventsConstraint_7,AppliesTo/EventGroups/EventGroup,EventGroup,gr_Re11h168
UK-SP-06,LinkEventsConstraint_7,AppliesTo/EventGroups/EventGroup,EventGroup,gr_Re12169
UK-SP-06,LinkEventsConstraint_7,AppliesTo/EventGroups/EventGroup,EventGroup,gr_Re9g171
UK-SP-06,LinkEventsConstraint_7,AppliesTo/EventGroups/EventGroup,EventGroup,gr_Re9h172
UK-SP-06,LinkEventsConstraint_7,AppliesTo/EventGroups/EventGroup,EventGroup,gr_Re9h173
UK-SP-06,LinkEventsConstraint_7,AppliesTo/EventGroups/EventGroup,EventGroup,gr_Sd10g175
UK-SP-06,LinkEventsConstraint_7,AppliesTo/EventGroups/EventGroup,EventGroup,gr_Sd10g176
UK-SP-06,LinkEventsConstraint_7,AppliesTo/EventGroups/EventGroup,EventGroup,gr_Sd10h178
UK-SP-06,LinkEventsConstraint_7,AppliesTo/EventGroups/EventGroup,EventGroup,gr_Sd10h179
UK-SP-06,LinkEventsConstraint_7,AppliesTo/EventGroups/EventGroup,EventGroup,gr_Sd11g181
UK-SP-06,LinkEventsConstraint_7,AppliesTo/EventGroups/EventGroup,EventGroup,gr_Sd11g182
UK-SP-06,LinkEventsConstraint_7,AppliesTo/EventGroups/EventGroup,EventGroup,gr_Sd11g183
UK-SP-06,LinkEventsConstraint_7,AppliesTo/EventGroups/EventGroup,EventGroup,gr_Sd11g184
UK-SP-06,LinkEventsConstraint_7,AppliesTo/EventGroups/EventGroup,EventGroup,gr_Sd11h186
UK-SP-06,LinkEventsConstraint_7,AppliesTo/EventGroups/EventGroup,EventGroup,gr_Sd11h187
UK-SP-06,LinkEventsConstraint_7,AppliesTo/EventGroups/EventGroup,EventGroup,gr_Sd11h188
UK-SP-06,LinkEventsConstraint_7,AppliesTo/EventGroups/EventGroup,EventGroup,gr_Sd11h189
UK-SP-06,LinkEventsConstraint_7,AppliesTo/EventGroups/EventGroup,EventGroup,gr_Ps9h190
UK-SP-06,LinkEventsConstraint_7,AppliesTo/EventGroups/EventGroup,EventGroup,gr_Ps9h191
UK-SP-06,LinkEventsConstraint_7,AppliesTo/EventGroups/EventGroup,EventGroup,gr_OptionA12a193
UK-SP-06,LinkEventsConstraint_7,AppliesTo/EventGroups/EventGroup,EventGroup,gr_OptionA12a194
UK-SP-06,LinkEventsConstraint_7,AppliesTo/EventGroups/EventGroup,EventGroup,gr_OptionA12b196
UK-SP-06,NoResourceClashes_8,AppliesTo/ResourceGroups/ResourceGroup,ResourceGroup,gr_Teachers
UK-SP-06,NoResourceClashes_8,AppliesTo/ResourceGroups/ResourceGroup,ResourceGroup,gr_Rooms
UK-SP-06,NoResourceClashes_8,AppliesTo/ResourceGroups/ResourceGroup,ResourceGroup,gr_Classes
UK-SP-06,FreePeriodsConstraint_14,AppliesTo/ResourceGroups/ResourceGroup,ResourceGroup,gr_Classes
UK-SP-06,FreePeriodsConstraint_15,AppliesTo/ResourceGroups/ResourceGroup,ResourceGroup,gr_Teachers
