instance_id,event_id,event_group_id
FinlandSecondarySchool_XHSTT2011,Event_C001_1,gr_EventsGeneral
FinlandSecondarySchool_XHSTT2011,Event_C001_1,gr_EventsDuration1
FinlandSecondarySchool_XHSTT2011,Event_C001_2,gr_EventsGeneral
FinlandSecondarySchool_XHSTT2011,Event_C001_2,gr_EventsDuration1
FinlandSecondarySchool_XHSTT2011,Event_C002_1,gr_EventsGeneral
FinlandSecondarySchool_XHSTT2011,Event_C002_1,gr_EventsDuration1
FinlandSecondarySchool_XHSTT2011,Event_C002_2,gr_EventsGeneral
FinlandSecondarySchool_XHSTT2011,Event_C002_2,gr_EventsDuration1
FinlandSecondarySchool_XHSTT2011,Event_C003_1,gr_EventsGeneral
FinlandSecondarySchool_XHSTT2011,Event_C003_1,gr_EventsDuration1
FinlandSecondarySchool_XHSTT2011,Event_C003_2,gr_EventsGeneral
FinlandSecondarySchool_XHSTT2011,Event_C003_2,gr_EventsDuration1
FinlandSecondarySchool_XHSTT2011,Event_C004_1,gr_EventsGeneral
FinlandSecondarySchool_XHSTT2011,Event_C004_1,gr_EventsDuration1
FinlandSecondarySchool_XHSTT2011,Event_C004_2,gr_EventsGeneral
FinlandSecondarySchool_XHSTT2011,Event_C004_2,gr_EventsDuration1
FinlandSecondarySchool_XHSTT2011,Event_C005_1,gr_EventsGeneral
FinlandSecondarySchool_XHSTT2011,Event_C005_1,gr_EventsDuration1
FinlandSecondarySchool_XHSTT2011,Event_C005_2,gr_EventsGeneral
FinlandSecondarySchool_XHSTT2011,Event_C005_2,gr_EventsDuration1
FinlandSecondarySchool_XHSTT2011,Event_C006_1,gr_EventsGeneral
FinlandSecondarySchool_XHSTT2011,Event_C006_1,gr_EventsDuration1
FinlandSecondarySchool_XHSTT2011,Event_C006_2,gr_EventsGeneral
FinlandSecondarySchool_XHSTT2011,Event_C006_2,gr_EventsDuration1
FinlandSecondarySchool_XHSTT2011,Event_C007_1,gr_EventsGeneral
FinlandSecondarySchool_XHSTT2011,Event_C007_1,gr_EventsDuration1
FinlandSecondarySchool_XHSTT2011,Event_C007_2,gr_EventsGeneral
FinlandSecondarySchool_XHSTT2011,Event_C007_2,gr_EventsDuration1
FinlandSecondarySchool_XHSTT2011,Event_C008_1,gr_EventsGeneral
FinlandSecondarySchool_XHSTT2011,Event_C008_1,gr_EventsDuration1
FinlandSecondarySchool_XHSTT2011,Event_C008_2,gr_EventsGeneral
FinlandSecondarySchool_XHSTT2011,Event_C008_2,gr_EventsDuration1
FinlandSecondarySchool_XHSTT2011,Event_C009_1,gr_EventsGeneral
FinlandSecondarySchool_XHSTT2011,Event_C009_1,gr_EventsDuration1
FinlandSecondarySchool_XHSTT2011,Event_C009_2,gr_EventsGeneral
FinlandSecondarySchool_XHSTT2011,Event_C009_2,gr_EventsDuration1
FinlandSecondarySchool_XHSTT2011,Event_C010_1,gr_EventsGeneral
FinlandSecondarySchool_XHSTT2011,Event_C010_1,gr_EventsDuration1
FinlandSecondarySchool_XHSTT2011,Event_C010_2,gr_EventsGeneral
FinlandSecondarySchool_XHSTT2011,Event_C010_2,gr_EventsDuration1
FinlandSecondarySchool_XHSTT2011,Event_C011_1,gr_EventsGeneral
FinlandSecondarySchool_XHSTT2011,Event_C011_1,gr_EventsDuration1
FinlandSecondarySchool_XHSTT2011,Event_C012_1,gr_EventsGeneral
FinlandSecondarySchool_XHSTT2011,Event_C012_1,gr_EventsDuration1
FinlandSecondarySchool_XHSTT2011,Event_C013_1,gr_EventsGeneral
FinlandSecondarySchool_XHSTT2011,Event_C013_1,gr_EventsDuration1
FinlandSecondarySchool_XHSTT2011,Event_C014_1,gr_EventsGeneral
FinlandSecondarySchool_XHSTT2011,Event_C014_1,gr_EventsDuration1
FinlandSecondarySchool_XHSTT2011,Event_C015_1,gr_EventsGeneral
FinlandSecondarySchool_XHSTT2011,Event_C015_1,gr_EventsDuration1
FinlandSecondarySchool_XHSTT2011,Event_C016_1,gr_EventsGeneral
FinlandSecondarySchool_XHSTT2011,Event_C016_1,gr_EventsDuration1
FinlandSecondarySchool_XHSTT2011,Event_C017_1,gr_EventsGeneral
FinlandSecondarySchool_XHSTT2011,Event_C017_1,gr_EventsDuration1
FinlandSecondarySchool_XHSTT2011,Event_C018_1,gr_EventsGeneral
FinlandSecondarySchool_XHSTT2011,Event_C018_1,gr_EventsDuration1
FinlandSecondarySchool_XHSTT2011,Event_C019_1,gr_EventsGeneral
FinlandSecondarySchool_XHSTT2011,Event_C019_1,gr_EventsDuration1
FinlandSecondarySchool_XHSTT2011,Event_C020_1,gr_EventsGeneral
FinlandSecondarySchool_XHSTT2011,Event_C020_1,gr_EventsDuration1
FinlandSecondarySchool_XHSTT2011,Event_C021_1,gr_EventsGeneral
FinlandSecondarySchool_XHSTT2011,Event_C021_1,gr_EventsDuration1
FinlandSecondarySchool_XHSTT2011,Event_C022_1,gr_EventsGeneral
FinlandSecondarySchool_XHSTT2011,Event_C022_1,gr_EventsDuration1
FinlandSecondarySchool_XHSTT2011,Event_C023_1,gr_EventsGeneral
FinlandSecondarySchool_XHSTT2011,Event_C023_1,gr_EventsDuration1
FinlandSecondarySchool_XHSTT2011,Event_C024_1,gr_EventsGeneral
FinlandSecondarySchool_XHSTT2011,Event_C024_1,gr_EventsDuration1
FinlandSecondarySchool_XHSTT2011,Event_C025_1,gr_EventsGeneral
FinlandSecondarySchool_XHSTT2011,Event_C025_1,gr_EventsDuration1
FinlandSecondarySchool_XHSTT2011,Event_C025_2,gr_EventsGeneral
FinlandSecondarySchool_XHSTT2011,Event_C025_2,gr_EventsDuration1
FinlandSecondarySchool_XHSTT2011,Event_C026_1,gr_EventsGeneral
FinlandSecondarySchool_XHSTT2011,Event_C026_1,gr_EventsDuration1
FinlandSecondarySchool_XHSTT2011,Event_C026_2,gr_EventsGeneral
FinlandSecondarySchool_XHSTT2011,Event_C026_2,gr_EventsDuration1
FinlandSecondarySchool_XHSTT2011,Event_C027_1,gr_EventsGeneral
FinlandSecondarySchool_XHSTT2011,Event_C027_1,gr_EventsDuration1
FinlandSecondarySchool_XHSTT2011,Event_C027_2,gr_EventsGeneral
FinlandSecondarySchool_XHSTT2011,Event_C027_2,gr_EventsDuration1
FinlandSecondarySchool_XHSTT2011,Event_C027_3,gr_EventsGeneral
FinlandSecondarySchool_XHSTT2011,Event_C027_3,gr_EventsDuration1
FinlandSecondarySchool_XHSTT2011,Event_C028_1,gr_EventsGeneral
FinlandSecondarySchool_XHSTT2011,Event_C028_1,gr_EventsDuration1
FinlandSecondarySchool_XHSTT2011,Event_C028_2,gr_EventsGeneral
FinlandSecondarySchool_XHSTT2011,Event_C028_2,gr_EventsDuration1
FinlandSecondarySchool_XHSTT2011,Event_C028_3,gr_EventsGeneral
FinlandSecondarySchool_XHSTT2011,Event_C028_3,gr_EventsDuration1
FinlandSecondarySchool_XHSTT2011,Event_C029_1,gr_EventsGeneral
FinlandSecondarySchool_XHSTT2011,Event_C029_1,gr_EventsDuration1
FinlandSecondarySchool_XHSTT2011,Event_C029_2,gr_EventsGeneral
FinlandSecondarySchool_XHSTT2011,Event_C029_2,gr_EventsDuration1
FinlandSecondarySchool_XHSTT2011,Event_C030_1,gr_EventsGeneral
FinlandSecondarySchool_XHSTT2011,Event_C030_1,gr_EventsDuration1
FinlandSecondarySchool_XHSTT2011,Event_C030_2,gr_EventsGeneral
FinlandSecondarySchool_XHSTT2011,Event_C030_2,gr_EventsDuration1
FinlandSecondarySchool_XHSTT2011,Event_C031_1,gr_EventsGeneral
FinlandSecondarySchool_XHSTT2011,Event_C031_1,gr_EventsDuration1
FinlandSecondarySchool_XHSTT2011,Event_C031_2,gr_EventsGeneral
FinlandSecondarySchool_XHSTT2011,Event_C031_2,gr_EventsDuration1
FinlandSecondarySchool_XHSTT2011,Event_C032_1,gr_EventsGeneral
FinlandSecondarySchool_XHSTT2011,Event_C032_1,gr_EventsDuration1
FinlandSecondarySchool_XHSTT2011,Event_C033_1,gr_EventsGeneral
FinlandSecondarySchool_XHSTT2011,Event_C033_1,gr_EventsDuration2
FinlandSecondarySchool_XHSTT2011,Event_C034_1,gr_EventsGeneral
FinlandSecondarySchool_XHSTT2011,Event_C034_1,gr_EventsDuration2
FinlandSecondarySchool_XHSTT2011,Event_C035_1,gr_EventsGeneral
FinlandSecondarySchool_XHSTT2011,Event_C035_1,gr_EventsDuration2
FinlandSecondarySchool_XHSTT2011,Event_C036_1,gr_EventsGeneral
FinlandSecondarySchool_XHSTT2011,Event_C036_1,gr_EventsDuration2
FinlandSecondarySchool_XHSTT2011,Event_C037_1,gr_EventsGeneral
FinlandSecondarySchool_XHSTT2011,Event_C037_1,gr_EventsDuration1
FinlandSecondarySchool_XHSTT2011,Event_C037_2,gr_EventsGeneral
FinlandSecondarySchool_XHSTT2011,Event_C037_2,gr_EventsDuration1
FinlandSecondarySchool_XHSTT2011,Event_C037_3,gr_EventsGeneral
FinlandSecondarySchool_XHSTT2011,Event_C037_3,gr_EventsDuration1
FinlandSecondarySchool_XHSTT2011,Event_C038_1,gr_EventsGeneral
FinlandSecondarySchool_XHSTT2011,Event_C038_1,gr_EventsDuration2
FinlandSecondarySchool_XHSTT2011,Event_C039_1,gr_EventsGeneral
FinlandSecondarySchool_XHSTT2011,Event_C039_1,gr_EventsDuration2
FinlandSecondarySchool_XHSTT2011,Event_C039_2,gr_EventsGeneral
FinlandSecondarySchool_XHSTT2011,Event_C039_2,gr_EventsDuration1
FinlandSecondarySchool_XHSTT2011,Event_C040_1,gr_EventsGeneral
FinlandSecondarySchool_XHSTT2011,Event_C040_1,gr_EventsDuration2
FinlandSecondarySchool_XHSTT2011,Event_C040_2,gr_EventsGeneral
FinlandSecondarySchool_XHSTT2011,Event_C040_2,gr_EventsDuration1
FinlandSecondarySchool_XHSTT2011,Event_C040_3,gr_EventsGeneral
FinlandSecondarySchool_XHSTT2011,Event_C040_3,gr_EventsDuration1
FinlandSecondarySchool_XHSTT2011,Event_C041_1,gr_EventsGeneral
FinlandSecondarySchool_XHSTT2011,Event_C041_1,gr_EventsDuration2
FinlandSecondarySchool_XHSTT2011,Event_C041_2,gr_EventsGeneral
FinlandSecondarySchool_XHSTT2011,Event_C041_2,gr_EventsDuration1
FinlandSecondarySchool_XHSTT2011,Event_C041_3,gr_EventsGeneral
FinlandSecondarySchool_XHSTT2011,Event_C041_3,gr_EventsDuration1
FinlandSecondarySchool_XHSTT2011,Event_C042_1,gr_EventsGeneral
FinlandSecondarySchool_XHSTT2011,Event_C042_1,gr_EventsDuration2
FinlandSecondarySchool_XHSTT2011,Event_C042_2,gr_EventsGeneral
FinlandSecondarySchool_XHSTT2011,Event_C042_2,gr_EventsDuration1
FinlandSecondarySchool_XHSTT2011,Event_C042_3,gr_EventsGeneral
FinlandSecondarySchool_XHSTT2011,Event_C042_3,gr_EventsDuration1
FinlandSecondarySchool_XHSTT2011,Event_C043_1,gr_EventsGeneral
FinlandSecondarySchool_XHSTT2011,Event_C043_1,gr_EventsDuration2
FinlandSecondarySchool_XHSTT2011,Event_C043_2,gr_EventsGeneral
FinlandSecondarySchool_XHSTT2011,Event_C043_2,gr_EventsDuration1
FinlandSecondarySchool_XHSTT2011,Event_C044_1,gr_EventsGeneral
FinlandSecondarySchool_XHSTT2011,Event_C044_1,gr_EventsDuration2
FinlandSecondarySchool_XHSTT2011,Event_C044_2,gr_EventsGeneral
FinlandSecondarySchool_XHSTT2011,Event_C044_2,gr_EventsDuration1
FinlandSecondarySchool_XHSTT2011,Event_C045_1,gr_EventsGeneral
FinlandSecondarySchool_XHSTT2011,Event_C045_1,gr_EventsDuration1
FinlandSecondarySchool_XHSTT2011,Event_C046_1,gr_EventsGeneral
FinlandSecondarySchool_XHSTT2011,Event_C046_1,gr_EventsDuration1
FinlandSecondarySchool_XHSTT2011,Event_C047_1,gr_EventsGeneral
FinlandSecondarySchool_XHSTT2011,Event_C047_1,gr_EventsDuration1
FinlandSecondarySchool_XHSTT2011,Event_C048_1,gr_EventsGeneral
FinlandSecondarySchool_XHSTT2011,Event_C048_1,gr_EventsDuration1
FinlandSecondarySchool_XHSTT2011,Event_C049_1,gr_EventsGeneral
FinlandSecondarySchool_XHSTT2011,Event_C049_1,gr_EventsDuration1
FinlandSecondarySchool_XHSTT2011,Event_C050_1,gr_EventsGeneral
FinlandSecondarySchool_XHSTT2011,Event_C050_1,gr_EventsDuration1
FinlandSecondarySchool_XHSTT2011,Event_C051_1,gr_EventsGeneral
FinlandSecondarySchool_XHSTT2011,Event_C051_1,gr_EventsDuration1
FinlandSecondarySchool_XHSTT2011,Event_C052_1,gr_EventsGeneral
FinlandSecondarySchool_XHSTT2011,Event_C052_1,gr_EventsDuration1
FinlandSecondarySchool_XHSTT2011,Event_C053_1,gr_EventsGeneral
FinlandSecondarySchool_XHSTT2011,Event_C053_1,gr_EventsDuration1
FinlandSecondarySchool_XHSTT2011,Event_C054_1,gr_EventsGeneral
FinlandSecondarySchool_XHSTT2011,Event_C054_1,gr_EventsDuration1
FinlandSecondarySchool_XHSTT2011,Event_C055_1,gr_EventsGeneral
FinlandSecondarySchool_XHSTT2011,Event_C055_1,gr_EventsDuration1
FinlandSecondarySchool_XHSTT2011,Event_C056_1,gr_EventsGeneral
FinlandSecondarySchool_XHSTT2011,Event_C056_1,gr_EventsDuration1
FinlandSecondarySchool_XHSTT2011,Event_C057_1,gr_EventsGeneral
FinlandSecondarySchool_XHSTT2011,Event_C057_1,gr_EventsDuration1
FinlandSecondarySchool_XHSTT2011,Event_C058_1,gr_EventsGeneral
FinlandSecondarySchool_XHSTT2011,Event_C058_1,gr_EventsDuration1
FinlandSecondarySchool_XHSTT2011,Event_C059_1,gr_EventsGeneral
FinlandSecondarySchool_XHSTT2011,Event_C059_1,gr_EventsDuration1
FinlandSecondarySchool_XHSTT2011,Event_C060_1,gr_EventsGeneral
FinlandSecondarySchool_XHSTT2011,Event_C060_1,gr_EventsDuration1
FinlandSecondarySchool_XHSTT2011,Event_C061_1,gr_EventsGeneral
FinlandSecondarySchool_XHSTT2011,Event_C061_1,gr_EventsDuration1
FinlandSecondarySchool_XHSTT2011,Event_C062_1,gr_EventsGeneral
FinlandSecondarySchool_XHSTT2011,Event_C062_1,gr_EventsDuration1
FinlandSecondarySchool_XHSTT2011,Event_C062_2,gr_EventsGeneral
FinlandSecondarySchool_XHSTT2011,Event_C062_2,gr_EventsDuration1
FinlandSecondarySchool_XHSTT2011,Event_C063_1,gr_EventsGeneral
FinlandSecondarySchool_XHSTT2011,Event_C063_1,gr_EventsDuration1
FinlandSecondarySchool_XHSTT2011,Event_C063_2,gr_EventsGeneral
FinlandSecondarySchool_XHSTT2011,Event_C063_2,gr_EventsDuration1
FinlandSecondarySchool_XHSTT2011,Event_C064_1,gr_EventsGeneral
FinlandSecondarySchool_XHSTT2011,Event_C064_1,gr_EventsDuration1
FinlandSecondarySchool_XHSTT2011,Event_C065_1,gr_EventsGeneral
FinlandSecondarySchool_XHSTT2011,Event_C065_1,gr_EventsDuration1
FinlandSecondarySchool_XHSTT2011,Event_C065_2,gr_EventsGeneral
FinlandSecondarySchool_XHSTT2011,Event_C065_2,gr_EventsDuration1
FinlandSecondarySchool_XHSTT2011,Event_C066_1,gr_EventsGeneral
FinlandSecondarySchool_XHSTT2011,Event_C066_1,gr_EventsDuration1
FinlandSecondarySchool_XHSTT2011,Event_C067_1,gr_EventsGeneral
FinlandSecondarySchool_XHSTT2011,Event_C067_1,gr_EventsDuration1
FinlandSecondarySchool_XHSTT2011,Event_C068_1,gr_EventsGeneral
FinlandSecondarySchool_XHSTT2011,Event_C068_1,gr_EventsDuration1
FinlandSecondarySchool_XHSTT2011,Event_C068_2,gr_EventsGeneral
FinlandSecondarySchool_XHSTT2011,Event_C068_2,gr_EventsDuration1
FinlandSecondarySchool_XHSTT2011,Event_C069_1,gr_EventsGeneral
FinlandSecondarySchool_XHSTT2011,Event_C069_1,gr_EventsDuration2
FinlandSecondarySchool_XHSTT2011,Event_C069_2,gr_EventsGeneral
FinlandSecondarySchool_XHSTT2011,Event_C069_2,gr_EventsDuration1
FinlandSecondarySchool_XHSTT2011,Event_C070_1,gr_EventsGeneral
FinlandSecondarySchool_XHSTT2011,Event_C070_1,gr_EventsDuration2
FinlandSecondarySchool_XHSTT2011,Event_C070_2,gr_EventsGeneral
FinlandSecondarySchool_XHSTT2011,Event_C070_2,gr_EventsDuration1
FinlandSecondarySchool_XHSTT2011,Event_C071_1,gr_EventsGeneral
FinlandSecondarySchool_XHSTT2011,Event_C071_1,gr_EventsDuration2
FinlandSecondarySchool_XHSTT2011,Event_C071_2,gr_EventsGeneral
FinlandSecondarySchool_XHSTT2011,Event_C071_2,gr_EventsDuration1
FinlandSecondarySchool_XHSTT2011,Event_C071_3,gr_EventsGeneral
FinlandSecondarySchool_XHSTT2011,Event_C071_3,gr_EventsDuration1
FinlandSecondarySchool_XHSTT2011,Event_C072_1,gr_EventsGeneral
FinlandSecondarySchool_XHSTT2011,Event_C072_1,gr_EventsDuration1
FinlandSecondarySchool_XHSTT2011,Event_C072_2,gr_EventsGeneral
FinlandSecondarySchool_XHSTT2011,Event_C072_2,gr_EventsDuration1
FinlandSecondarySchool_XHSTT2011,Event_C073_1,gr_EventsGeneral
FinlandSecondarySchool_XHSTT2011,Event_C073_1,gr_EventsDuration2
FinlandSecondarySchool_XHSTT2011,Event_C073_2,gr_EventsGeneral
FinlandSecondarySchool_XHSTT2011,Event_C073_2,gr_EventsDuration1
FinlandSecondarySchool_XHSTT2011,Event_C073_3,gr_EventsGeneral
FinlandSecondarySchool_XHSTT2011,Event_C073_3,gr_EventsDuration1
FinlandSecondarySchool_XHSTT2011,Event_C074_1,gr_EventsGeneral
FinlandSecondarySchool_XHSTT2011,Event_C074_1,gr_EventsDuration2
FinlandSecondarySchool_XHSTT2011,Event_C074_2,gr_EventsGeneral
FinlandSecondarySchool_XHSTT2011,Event_C074_2,gr_EventsDuration1
FinlandSecondarySchool_XHSTT2011,Event_C075_1,gr_EventsGeneral
FinlandSecondarySchool_XHSTT2011,Event_C075_1,gr_EventsDuration2
FinlandSecondarySchool_XHSTT2011,Event_C075_2,gr_EventsGeneral
FinlandSecondarySchool_XHSTT2011,Event_C075_2,gr_EventsDuration1
FinlandSecondarySchool_XHSTT2011,Event_C076_1,gr_EventsGeneral
FinlandSecondarySchool_XHSTT2011,Event_C076_1,gr_EventsDuration1
FinlandSecondarySchool_XHSTT2011,Event_C076_2,gr_EventsGeneral
FinlandSecondarySchool_XHSTT2011,Event_C076_2,gr_EventsDuration1
FinlandSecondarySchool_XHSTT2011,Event_C077_1,gr_EventsGeneral
FinlandSecondarySchool_XHSTT2011,Event_C077_1,gr_EventsDuration1
FinlandSecondarySchool_XHSTT2011,Event_C077_2,gr_EventsGeneral
FinlandSecondarySchool_XHSTT2011,Event_C077_2,gr_EventsDuration1
FinlandSecondarySchool_XHSTT2011,Event_C078_1,gr_EventsGeneral
FinlandSecondarySchool_XHSTT2011,Event_C078_1,gr_EventsDuration2
FinlandSecondarySchool_XHSTT2011,Event_C078_2,gr_EventsGeneral
FinlandSecondarySchool_XHSTT2011,Event_C078_2,gr_EventsDuration1
FinlandSecondarySchool_XHSTT2011,Event_C079_1,gr_EventsGeneral
FinlandSecondarySchool_XHSTT2011,Event_C079_1,gr_EventsDuration1
FinlandSecondarySchool_XHSTT2011,Event_C079_2,gr_EventsGeneral
FinlandSecondarySchool_XHSTT2011,Event_C079_2,gr_EventsDuration1
FinlandSecondarySchool_XHSTT2011,Event_C080_1,gr_EventsGeneral
FinlandSecondarySchool_XHSTT2011,Event_C080_1,gr_EventsDuration1
FinlandSecondarySchool_XHSTT2011,Event_C080_2,gr_EventsGeneral
FinlandSecondarySchool_XHSTT2011,Event_C080_2,gr_EventsDuration1
FinlandSecondarySchool_XHSTT2011,Event_C081_1,gr_EventsGeneral
FinlandSecondarySchool_XHSTT2011,Event_C081_1,gr_EventsDuration2
FinlandSecondarySchool_XHSTT2011,Event_C081_2,gr_EventsGeneral
FinlandSecondarySchool_XHSTT2011,Event_C081_2,gr_EventsDuration1
FinlandSecondarySchool_XHSTT2011,Event_C082_1,gr_EventsGeneral
FinlandSecondarySchool_XHSTT2011,Event_C082_1,gr_EventsDuration2
FinlandSecondarySchool_XHSTT2011,Event_C083_1,gr_EventsGeneral
FinlandSecondarySchool_XHSTT2011,Event_C083_1,gr_EventsDuration2
FinlandSecondarySchool_XHSTT2011,Event_C084_1,gr_EventsGeneral
FinlandSecondarySchool_XHSTT2011,Event_C084_1,gr_EventsDuration2
FinlandSecondarySchool_XHSTT2011,Event_C085_1,gr_EventsGeneral
FinlandSecondarySchool_XHSTT2011,Event_C085_1,gr_EventsDuration2
FinlandSecondarySchool_XHSTT2011,Event_C086_1,gr_EventsGeneral
FinlandSecondarySchool_XHSTT2011,Event_C086_1,gr_EventsDuration1
FinlandSecondarySchool_XHSTT2011,Event_C087_1,gr_EventsGeneral
FinlandSecondarySchool_XHSTT2011,Event_C087_1,gr_EventsDuration1
FinlandSecondarySchool_XHSTT2011,Event_C088_1,gr_EventsGeneral
FinlandSecondarySchool_XHSTT2011,Event_C088_1,gr_EventsDuration1
FinlandSecondarySchool_XHSTT2011,Event_C089_1,gr_EventsGeneral
FinlandSecondarySchool_XHSTT2011,Event_C089_1,gr_EventsDuration1
FinlandSecondarySchool_XHSTT2011,Event_C090_1,gr_EventsGeneral
FinlandSecondarySchool_XHSTT2011,Event_C090_1,gr_EventsDuration1
FinlandSecondarySchool_XHSTT2011,Event_C091_1,gr_EventsGeneral
FinlandSecondarySchool_XHSTT2011,Event_C091_1,gr_EventsDuration1
FinlandSecondarySchool_XHSTT2011,Event_C092_1,gr_EventsGeneral
FinlandSecondarySchool_XHSTT2011,Event_C092_1,gr_EventsDuration1
FinlandSecondarySchool_XHSTT2011,Event_C093_1,gr_EventsGeneral
FinlandSecondarySchool_XHSTT2011,Event_C093_1,gr_EventsDuration1
FinlandSecondarySchool_XHSTT2011,Event_C094_1,gr_EventsGeneral
FinlandSecondarySchool_XHSTT2011,Event_C094_1,gr_EventsDuration1
FinlandSecondarySchool_XHSTT2011,Event_C095_1,gr_EventsGeneral
FinlandSecondarySchool_XHSTT2011,Event_C095_1,gr_EventsDuration1
FinlandSecondarySchool_XHSTT2011,Event_C096_1,gr_EventsGeneral
FinlandSecondarySchool_XHSTT2011,Event_C096_1,gr_EventsDuration1
FinlandSecondarySchool_XHSTT2011,Event_C097_1,gr_EventsGeneral
FinlandSecondarySchool_XHSTT2011,Event_C097_1,gr_EventsDuration1
FinlandSecondarySchool_XHSTT2011,Event_C097_2,gr_EventsGeneral
FinlandSecondarySchool_XHSTT2011,Event_C097_2,gr_EventsDuration1
FinlandSecondarySchool_XHSTT2011,Event_C098_1,gr_EventsGeneral
FinlandSecondarySchool_XHSTT2011,Event_C098_1,gr_EventsDuration1
FinlandSecondarySchool_XHSTT2011,Event_C098_2,gr_EventsGeneral
FinlandSecondarySchool_XHSTT2011,Event_C098_2,gr_EventsDuration1
FinlandSecondarySchool_XHSTT2011,Event_C099_1,gr_EventsGeneral
FinlandSecondarySchool_XHSTT2011,Event_C099_1,gr_EventsDuration1
FinlandSecondarySchool_XHSTT2011,Event_C099_2,gr_EventsGeneral
FinlandSecondarySchool_XHSTT2011,Event_C099_2,gr_EventsDuration1
FinlandSecondarySchool_XHSTT2011,Event_C100_1,gr_EventsGeneral
FinlandSecondarySchool_XHSTT2011,Event_C100_1,gr_EventsDuration1
FinlandSecondarySchool_XHSTT2011,Event_C100_2,gr_EventsGeneral
FinlandSecondarySchool_XHSTT2011,Event_C100_2,gr_EventsDuration1
FinlandSecondarySchool_XHSTT2011,Event_C101_1,gr_EventsGeneral
FinlandSecondarySchool_XHSTT2011,Event_C101_1,gr_EventsDuration1
FinlandSecondarySchool_XHSTT2011,Event_C101_2,gr_EventsGeneral
FinlandSecondarySchool_XHSTT2011,Event_C101_2,gr_EventsDuration1
FinlandSecondarySchool_XHSTT2011,Event_C102_1,gr_EventsGeneral
FinlandSecondarySchool_XHSTT2011,Event_C102_1,gr_EventsDuration1
FinlandSecondarySchool_XHSTT2011,Event_C102_2,gr_EventsGeneral
FinlandSecondarySchool_XHSTT2011,Event_C102_2,gr_EventsDuration1
FinlandSecondarySchool_XHSTT2011,Event_C103_1,gr_EventsGeneral
FinlandSecondarySchool_XHSTT2011,Event_C103_1,gr_EventsDuration1
FinlandSecondarySchool_XHSTT2011,Event_C103_2,gr_EventsGeneral
FinlandSecondarySchool_XHSTT2011,Event_C103_2,gr_EventsDuration1
FinlandSecondarySchool_XHSTT2011,Event_C104_1,gr_EventsGeneral
FinlandSecondarySchool_XHSTT2011,Event_C104_1,gr_EventsDuration1
FinlandSecondarySchool_XHSTT2011,Event_C104_2,gr_EventsGeneral
FinlandSecondarySchool_XHSTT2011,Event_C104_2,gr_EventsDuration1
FinlandSecondarySchool_XHSTT2011,Event_C105_1,gr_EventsGeneral
FinlandSecondarySchool_XHSTT2011,Event_C105_1,gr_EventsDuration1
FinlandSecondarySchool_XHSTT2011,Event_C105_2,gr_EventsGeneral
FinlandSecondarySchool_XHSTT2011,Event_C105_2,gr_EventsDuration1
FinlandSecondarySchool_XHSTT2011,Event_C106_1,gr_EventsGeneral
FinlandSecondarySchool_XHSTT2011,Event_C106_1,gr_EventsDuration1
FinlandSecondarySchool_XHSTT2011,Event_C106_2,gr_EventsGeneral
FinlandSecondarySchool_XHSTT2011,Event_C106_2,gr_EventsDuration1
FinlandSecondarySchool_XHSTT2011,Event_C107_1,gr_EventsGeneral
FinlandSecondarySchool_XHSTT2011,Event_C107_1,gr_EventsDuration1
FinlandSecondarySchool_XHSTT2011,Event_C107_2,gr_EventsGeneral
FinlandSecondarySchool_XHSTT2011,Event_C107_2,gr_EventsDuration1
FinlandSecondarySchool_XHSTT2011,Event_C108_1,gr_EventsGeneral
FinlandSecondarySchool_XHSTT2011,Event_C108_1,gr_EventsDuration1
FinlandSecondarySchool_XHSTT2011,Event_C108_2,gr_EventsGeneral
FinlandSecondarySchool_XHSTT2011,Event_C108_2,gr_EventsDuration1
FinlandSecondarySchool_XHSTT2011,Event_C109_1,gr_EventsGeneral
FinlandSecondarySchool_XHSTT2011,Event_C109_1,gr_EventsDuration1
FinlandSecondarySchool_XHSTT2011,Event_C109_2,gr_EventsGeneral
FinlandSecondarySchool_XHSTT2011,Event_C109_2,gr_EventsDuration1
FinlandSecondarySchool_XHSTT2011,Event_C110_1,gr_EventsGeneral
FinlandSecondarySchool_XHSTT2011,Event_C110_1,gr_EventsDuration1
FinlandSecondarySchool_XHSTT2011,Event_C110_2,gr_EventsGeneral
FinlandSecondarySchool_XHSTT2011,Event_C110_2,gr_EventsDuration1
FinlandSecondarySchool_XHSTT2011,Event_C110_3,gr_EventsGeneral
FinlandSecondarySchool_XHSTT2011,Event_C110_3,gr_EventsDuration1
FinlandSecondarySchool_XHSTT2011,Event_C111_1,gr_EventsGeneral
FinlandSecondarySchool_XHSTT2011,Event_C111_1,gr_EventsDuration1
FinlandSecondarySchool_XHSTT2011,Event_C112_1,gr_EventsGeneral
FinlandSecondarySchool_XHSTT2011,Event_C112_1,gr_EventsDuration1
FinlandSecondarySchool_XHSTT2011,Event_C112_2,gr_EventsGeneral
FinlandSecondarySchool_XHSTT2011,Event_C112_2,gr_EventsDuration1
FinlandSecondarySchool_XHSTT2011,Event_C113_1,gr_EventsGeneral
FinlandSecondarySchool_XHSTT2011,Event_C113_1,gr_EventsDuration1
FinlandSecondarySchool_XHSTT2011,Event_C114_1,gr_EventsGeneral
FinlandSecondarySchool_XHSTT2011,Event_C114_1,gr_EventsDuration1
FinlandSecondarySchool_XHSTT2011,Event_C115_1,gr_EventsGeneral
FinlandSecondarySchool_XHSTT2011,Event_C115_1,gr_EventsDuration1
FinlandSecondarySchool_XHSTT2011,Event_C115_2,gr_EventsGeneral
FinlandSecondarySchool_XHSTT2011,Event_C115_2,gr_EventsDuration1
FinlandSecondarySchool_XHSTT2011,Event_C116_1,gr_EventsGeneral
FinlandSecondarySchool_XHSTT2011,Event_C116_1,gr_EventsDuration1
FinlandSecondarySchool_XHSTT2011,Event_C117_1,gr_EventsGeneral
FinlandSecondarySchool_XHSTT2011,Event_C117_1,gr_EventsDuration1
FinlandSecondarySchool_XHSTT2011,Event_C118_1,gr_EventsGeneral
FinlandSecondarySchool_XHSTT2011,Event_C118_1,gr_EventsDuration1
FinlandSecondarySchool_XHSTT2011,Event_C119_1,gr_EventsGeneral
FinlandSecondarySchool_XHSTT2011,Event_C119_1,gr_EventsDuration1
FinlandSecondarySchool_XHSTT2011,Event_C120_1,gr_EventsGeneral
FinlandSecondarySchool_XHSTT2011,Event_C120_1,gr_EventsDuration1
FinlandSecondarySchool_XHSTT2011,Event_C121_1,gr_EventsGeneral
FinlandSecondarySchool_XHSTT2011,Event_C121_1,gr_EventsDuration1
FinlandSecondarySchool_XHSTT2011,Event_C122_1,gr_EventsGeneral
FinlandSecondarySchool_XHSTT2011,Event_C122_1,gr_EventsDuration1
FinlandSecondarySchool_XHSTT2011,Event_C123_1,gr_EventsGeneral
FinlandSecondarySchool_XHSTT2011,Event_C123_1,gr_EventsDuration1
FinlandSecondarySchool_XHSTT2011,Event_C124_1,gr_EventsGeneral
FinlandSecondarySchool_XHSTT2011,Event_C124_1,gr_EventsDuration1
FinlandSecondarySchool_XHSTT2011,Event_C125_1,gr_EventsGeneral
FinlandSecondarySchool_XHSTT2011,Event_C125_1,gr_EventsDuration1
FinlandSecondarySchool_XHSTT2011,Event_C126_1,gr_EventsGeneral
FinlandSecondarySchool_XHSTT2011,Event_C126_1,gr_EventsDuration1
FinlandSecondarySchool_XHSTT2011,Event_C127_1,gr_EventsGeneral
FinlandSecondarySchool_XHSTT2011,Event_C127_1,gr_EventsDuration1
FinlandSecondarySchool_XHSTT2011,Event_C128_1,gr_EventsGeneral
FinlandSecondarySchool_XHSTT2011,Event_C128_1,gr_EventsDuration1
FinlandSecondarySchool_XHSTT2011,Event_C129_1,gr_EventsGeneral
FinlandSecondarySchool_XHSTT2011,Event_C129_1,gr_EventsDuration1
FinlandSecondarySchool_XHSTT2011,Event_C130_1,gr_EventsGeneral
FinlandSecondarySchool_XHSTT2011,Event_C130_1,gr_EventsDuration1
FinlandSecondarySchool_XHSTT2011,Event_C131_1,gr_EventsGeneral
FinlandSecondarySchool_XHSTT2011,Event_C131_1,gr_EventsDuration1
FinlandSecondarySchool_XHSTT2011,Event_C132_1,gr_EventsGeneral
FinlandSecondarySchool_XHSTT2011,Event_C132_1,gr_EventsDuration1
FinlandSecondarySchool_XHSTT2011,Event_C133_1,gr_EventsGeneral
FinlandSecondarySchool_XHSTT2011,Event_C133_1,gr_EventsDuration1
FinlandSecondarySchool_XHSTT2011,Event_C134_1,gr_EventsGeneral
FinlandSecondarySchool_XHSTT2011,Event_C134_1,gr_EventsDuration1
FinlandSecondarySchool_XHSTT2011,Event_C135_1,gr_EventsGeneral
FinlandSecondarySchool_XHSTT2011,Event_C135_1,gr_EventsDuration1
FinlandSecondarySchool_XHSTT2011,Event_C135_2,gr_EventsGeneral
FinlandSecondarySchool_XHSTT2011,Event_C135_2,gr_EventsDuration1
FinlandSecondarySchool_XHSTT2011,Event_C136_1,gr_EventsGeneral
FinlandSecondarySchool_XHSTT2011,Event_C136_1,gr_EventsDuration1
FinlandSecondarySchool_XHSTT2011,Event_C137_1,gr_EventsGeneral
FinlandSecondarySchool_XHSTT2011,Event_C137_1,gr_EventsDuration1
FinlandSecondarySchool_XHSTT2011,Event_C138_1,gr_EventsGeneral
FinlandSecondarySchool_XHSTT2011,Event_C138_1,gr_EventsDuration1
FinlandSecondarySchool_XHSTT2011,Event_C139_1,gr_EventsGeneral
FinlandSecondarySchool_XHSTT2011,Event_C139_1,gr_EventsDuration1
FinlandSecondarySchool_XHSTT2011,Event_C140_1,gr_EventsGeneral
FinlandSecondarySchool_XHSTT2011,Event_C140_1,gr_EventsDuration1
FinlandSecondarySchool_XHSTT2011,Event_C141_1,gr_EventsGeneral
FinlandSecondarySchool_XHSTT2011,Event_C141_1,gr_EventsDuration1
FinlandSecondarySchool_XHSTT2011,Event_C142_1,gr_EventsGeneral
FinlandSecondarySchool_XHSTT2011,Event_C142_1,gr_EventsDuration1
FinlandSecondarySchool_XHSTT2011,Event_C143_1,gr_EventsGeneral
FinlandSecondarySchool_XHSTT2011,Event_C143_1,gr_EventsDuration1
FinlandSecondarySchool_XHSTT2011,Event_C144_1,gr_EventsGeneral
FinlandSecondarySchool_XHSTT2011,Event_C144_1,gr_EventsDuration1
FinlandSecondarySchool_XHSTT2011,Event_C145_1,gr_EventsGeneral
FinlandSecondarySchool_XHSTT2011,Event_C145_1,gr_EventsDuration1
FinlandSecondarySchool_XHSTT2011,Event_C145_2,gr_EventsGeneral
FinlandSecondarySchool_XHSTT2011,Event_C145_2,gr_EventsDuration1
FinlandSecondarySchool_XHSTT2011,Event_C145_3,gr_EventsGeneral
FinlandSecondarySchool_XHSTT2011,Event_C145_3,gr_EventsDuration1
FinlandSecondarySchool_XHSTT2011,Event_C146_1,gr_EventsGeneral
FinlandSecondarySchool_XHSTT2011,Event_C146_1,gr_EventsDuration1
FinlandSecondarySchool_XHSTT2011,Event_C146_2,gr_EventsGeneral
FinlandSecondarySchool_XHSTT2011,Event_C146_2,gr_EventsDuration1
FinlandSecondarySchool_XHSTT2011,Event_C146_3,gr_EventsGeneral
FinlandSecondarySchool_XHSTT2011,Event_C146_3,gr_EventsDuration1
FinlandSecondarySchool_XHSTT2011,Event_C147_1,gr_EventsGeneral
FinlandSecondarySchool_XHSTT2011,Event_C147_1,gr_EventsDuration1
FinlandSecondarySchool_XHSTT2011,Event_C147_2,gr_EventsGeneral
FinlandSecondarySchool_XHSTT2011,Event_C147_2,gr_EventsDuration1
FinlandSecondarySchool_XHSTT2011,Event_C147_3,gr_EventsGeneral
FinlandSecondarySchool_XHSTT2011,Event_C147_3,gr_EventsDuration1
FinlandSecondarySchool_XHSTT2011,Event_C148_1,gr_EventsGeneral
FinlandSecondarySchool_XHSTT2011,Event_C148_1,gr_EventsDuration1
FinlandSecondarySchool_XHSTT2011,Event_C148_2,gr_EventsGeneral
FinlandSecondarySchool_XHSTT2011,Event_C148_2,gr_EventsDuration1
FinlandSecondarySchool_XHSTT2011,Event_C148_3,gr_EventsGeneral
FinlandSecondarySchool_XHSTT2011,Event_C148_3,gr_EventsDuration1
FinlandSecondarySchool_XHSTT2011,Event_C149_1,gr_EventsGeneral
FinlandSecondarySchool_XHSTT2011,Event_C149_1,gr_EventsDuration2
FinlandSecondarySchool_XHSTT2011,Event_C149_2,gr_EventsGeneral
FinlandSecondarySchool_XHSTT2011,Event_C149_2,gr_EventsDuration1
FinlandSecondarySchool_XHSTT2011,Event_C150_1,gr_EventsGeneral
FinlandSecondarySchool_XHSTT2011,Event_C150_1,gr_EventsDuration1
FinlandSecondarySchool_XHSTT2011,Event_C150_2,gr_EventsGeneral
FinlandSecondarySchool_XHSTT2011,Event_C150_2,gr_EventsDuration1
FinlandSecondarySchool_XHSTT2011,Event_C150_3,gr_EventsGeneral
FinlandSecondarySchool_XHSTT2011,Event_C150_3,gr_EventsDuration1
FinlandSecondarySchool_XHSTT2011,Event_C150_4,gr_EventsGeneral
FinlandSecondarySchool_XHSTT2011,Event_C150_4,gr_EventsDuration1
FinlandSecondarySchool_XHSTT2011,Event_C151_1,gr_EventsGeneral
FinlandSecondarySchool_XHSTT2011,Event_C151_1,gr_EventsDuration1
FinlandSecondarySchool_XHSTT2011,Event_C152_1,gr_EventsGeneral
FinlandSecondarySchool_XHSTT2011,Event_C152_1,gr_EventsDuration1
FinlandSecondarySchool_XHSTT2011,Event_C152_2,gr_EventsGeneral
FinlandSecondarySchool_XHSTT2011,Event_C152_2,gr_EventsDuration1
FinlandSecondarySchool_XHSTT2011,Event_C153_1,gr_EventsGeneral
FinlandSecondarySchool_XHSTT2011,Event_C153_1,gr_EventsDuration1
FinlandSecondarySchool_XHSTT2011,Event_C153_2,gr_EventsGeneral
FinlandSecondarySchool_XHSTT2011,Event_C153_2,gr_EventsDuration1
FinlandSecondarySchool_XHSTT2011,Event_C153_3,gr_EventsGeneral
FinlandSecondarySchool_XHSTT2011,Event_C153_3,gr_EventsDuration1
FinlandSecondarySchool_XHSTT2011,Event_C154_1,gr_EventsGeneral
FinlandSecondarySchool_XHSTT2011,Event_C154_1,gr_EventsDuration1
FinlandSecondarySchool_XHSTT2011,Event_C154_2,gr_EventsGeneral
FinlandSecondarySchool_XHSTT2011,Event_C154_2,gr_EventsDuration1
FinlandSecondarySchool_XHSTT2011,Event_C154_3,gr_EventsGeneral
FinlandSecondarySchool_XHSTT2011,Event_C154_3,gr_EventsDuration1
FinlandSecondarySchool_XHSTT2011,Event_C155_1,gr_EventsGeneral
FinlandSecondarySchool_XHSTT2011,Event_C155_1,gr_EventsDuration1
FinlandSecondarySchool_XHSTT2011,Event_C155_2,gr_EventsGeneral
FinlandSecondarySchool_XHSTT2011,Event_C155_2,gr_EventsDuration1
FinlandSecondarySchool_XHSTT2011,Event_C155_3,gr_EventsGeneral
FinlandSecondarySchool_XHSTT2011,Event_C155_3,gr_EventsDuration1
FinlandSecondarySchool_XHSTT2011,Event_C155_4,gr_EventsGeneral
FinlandSecondarySchool_XHSTT2011,Event_C155_4,gr_EventsDuration1
FinlandSecondarySchool_XHSTT2011,Event_C156_1,gr_EventsGeneral
FinlandSecondarySchool_XHSTT2011,Event_C156_1,gr_EventsDuration2
FinlandSecondarySchool_XHSTT2011,Event_C156_2,gr_EventsGeneral
FinlandSecondarySchool_XHSTT2011,Event_C156_2,gr_EventsDuration1
FinlandSecondarySchool_XHSTT2011,Event_C157_1,gr_EventsGeneral
FinlandSecondarySchool_XHSTT2011,Event_C157_1,gr_EventsDuration1
FinlandSecondarySchool_XHSTT2011,Event_C157_2,gr_EventsGeneral
FinlandSecondarySchool_XHSTT2011,Event_C157_2,gr_EventsDuration1
FinlandSecondarySchool_XHSTT2011,Event_C157_3,gr_EventsGeneral
FinlandSecondarySchool_XHSTT2011,Event_C157_3,gr_EventsDuration1
FinlandSecondarySchool_XHSTT2011,Event_C157_4,gr_EventsGeneral
FinlandSecondarySchool_XHSTT2011,Event_C157_4,gr_EventsDuration1
FinlandSecondarySchool_XHSTT2011,Event_C158_1,gr_EventsGeneral
FinlandSecondarySchool_XHSTT2011,Event_C158_1,gr_EventsDuration1
FinlandSecondarySchool_XHSTT2011,Event_C159_1,gr_EventsGeneral
FinlandSecondarySchool_XHSTT2011,Event_C159_1,gr_EventsDuration1
FinlandSecondarySchool_XHSTT2011,Event_C159_2,gr_EventsGeneral
FinlandSecondarySchool_XHSTT2011,Event_C159_2,gr_EventsDuration1
FinlandSecondarySchool_XHSTT2011,Event_C160_1,gr_EventsGeneral
FinlandSecondarySchool_XHSTT2011,Event_C160_1,gr_EventsDuration1
FinlandSecondarySchool_XHSTT2011,Event_C160_2,gr_EventsGeneral
FinlandSecondarySchool_XHSTT2011,Event_C160_2,gr_EventsDuration1
FinlandSecondarySchool_XHSTT2011,Event_C160_3,gr_EventsGeneral
FinlandSecondarySchool_XHSTT2011,Event_C160_3,gr_EventsDuration1
FinlandSecondarySchool_XHSTT2011,Event_C160_4,gr_EventsGeneral
FinlandSecondarySchool_XHSTT2011,Event_C160_4,gr_EventsDuration1
FinlandSecondarySchool_XHSTT2011,Event_C161_1,gr_EventsGeneral
FinlandSecondarySchool_XHSTT2011,Event_C161_1,gr_EventsDuration2
FinlandSecondarySchool_XHSTT2011,Event_C161_2,gr_EventsGeneral
FinlandSecondarySchool_XHSTT2011,Event_C161_2,gr_EventsDuration1
FinlandSecondarySchool_XHSTT2011,Event_C162_1,gr_EventsGeneral
FinlandSecondarySchool_XHSTT2011,Event_C162_1,gr_EventsDuration1
FinlandSecondarySchool_XHSTT2011,Event_C162_2,gr_EventsGeneral
FinlandSecondarySchool_XHSTT2011,Event_C162_2,gr_EventsDuration1
FinlandSecondarySchool_XHSTT2011,Event_C163_1,gr_EventsGeneral
FinlandSecondarySchool_XHSTT2011,Event_C163_1,gr_EventsDuration1
FinlandSecondarySchool_XHSTT2011,Event_C163_2,gr_EventsGeneral
FinlandSecondarySchool_XHSTT2011,Event_C163_2,gr_EventsDuration1
FinlandSecondarySchool_XHSTT2011,Event_C164_1,gr_EventsGeneral
FinlandSecondarySchool_XHSTT2011,Event_C164_1,gr_EventsDuration1
FinlandSecondarySchool_XHSTT2011,Event_C164_2,gr_EventsGeneral
FinlandSecondarySchool_XHSTT2011,Event_C164_2,gr_EventsDuration1
FinlandSecondarySchool_XHSTT2011,Event_C164_3,gr_EventsGeneral
FinlandSecondarySchool_XHSTT2011,Event_C164_3,gr_EventsDuration1
FinlandSecondarySchool_XHSTT2011,Event_C165_1,gr_EventsGeneral
FinlandSecondarySchool_XHSTT2011,Event_C165_1,gr_EventsDuration1
FinlandSecondarySchool_XHSTT2011,Event_C165_2,gr_EventsGeneral
FinlandSecondarySchool_XHSTT2011,Event_C165_2,gr_EventsDuration1
FinlandSecondarySchool_XHSTT2011,Event_C165_3,gr_EventsGeneral
FinlandSecondarySchool_XHSTT2011,Event_C165_3,gr_EventsDuration1
FinlandSecondarySchool_XHSTT2011,Event_C166_1,gr_EventsGeneral
FinlandSecondarySchool_XHSTT2011,Event_C166_1,gr_EventsDuration1
FinlandSecondarySchool_XHSTT2011,Event_C166_2,gr_EventsGeneral
FinlandSecondarySchool_XHSTT2011,Event_C166_2,gr_EventsDuration1
FinlandSecondarySchool_XHSTT2011,Event_C167_1,gr_EventsGeneral
FinlandSecondarySchool_XHSTT2011,Event_C167_1,gr_EventsDuration1
FinlandSecondarySchool_XHSTT2011,Event_C167_2,gr_EventsGeneral
FinlandSecondarySchool_XHSTT2011,Event_C167_2,gr_EventsDuration1
FinlandSecondarySchool_XHSTT2011,Event_C167_3,gr_EventsGeneral
FinlandSecondarySchool_XHSTT2011,Event_C167_3,gr_EventsDuration1
FinlandSecondarySchool_XHSTT2011,Event_C168_1,gr_EventsGeneral
FinlandSecondarySchool_XHSTT2011,Event_C168_1,gr_EventsDuration1
FinlandSecondarySchool_XHSTT2011,Event_C168_2,gr_EventsGeneral
FinlandSecondarySchool_XHSTT2011,Event_C168_2,gr_EventsDuration1
FinlandSecondarySchool_XHSTT2011,Event_C169_1,gr_EventsGeneral
FinlandSecondarySchool_XHSTT2011,Event_C169_1,gr_EventsDuration1
FinlandSecondarySchool_XHSTT2011,Event_C169_2,gr_EventsGeneral
FinlandSecondarySchool_XHSTT2011,Event_C169_2,gr_EventsDuration1
FinlandSecondarySchool_XHSTT2011,Event_C170_1,gr_EventsGeneral
FinlandSecondarySchool_XHSTT2011,Event_C170_1,gr_EventsDuration1
FinlandSecondarySchool_XHSTT2011,Event_C170_2,gr_EventsGeneral
FinlandSecondarySchool_XHSTT2011,Event_C170_2,gr_EventsDuration1
FinlandSecondarySchool_XHSTT2011,Event_C171_1,gr_EventsGeneral
FinlandSecondarySchool_XHSTT2011,Event_C171_1,gr_EventsDuration1
FinlandSecondarySchool_XHSTT2011,Event_C171_2,gr_EventsGeneral
FinlandSecondarySchool_XHSTT2011,Event_C171_2,gr_EventsDuration1
