instance_id,event_id,name,color,duration,workload,course_ref,preassigned_time_ref
FinlandSecondarySchool2_XHSTT-v2014,Event_C001_1,C001_1,,1,,gr_C001,
FinlandSecondarySchool2_XHSTT-v2014,Event_C001_2,C001_2,,1,,gr_C001,
FinlandSecondarySchool2_XHSTT-v2014,Event_C001_3,C001_3,,1,,gr_C001,
FinlandSecondarySchool2_XHSTT-v2014,Event_C002_1,C002_1,,2,,gr_C002,
FinlandSecondarySchool2_XHSTT-v2014,Event_C003_1,C003_1,,1,,gr_C003,
FinlandSecondarySchool2_XHSTT-v2014,Event_C003_2,C003_2,,1,,gr_C003,
FinlandSecondarySchool2_XHSTT-v2014,Event_C004_1,C004_1,,1,,gr_C004,
FinlandSecondarySchool2_XHSTT-v2014,Event_C004_2,C004_2,,1,,gr_C004,
FinlandSecondarySchool2_XHSTT-v2014,Event_C005_1,C005_1,,1,,gr_C005,
FinlandSecondarySchool2_XHSTT-v2014,Event_C006_1,C006_1,,1,,gr_C006,
FinlandSecondarySchool2_XHSTT-v2014,Event_C007_1,C007_1,,1,,gr_C007,
FinlandSecondarySchool2_XHSTT-v2014,Event_C008_1,C008_1,,1,,gr_C008,
FinlandSecondarySchool2_XHSTT-v2014,Event_C008_2,C008_2,,1,,gr_C008,
FinlandSecondarySchool2_XHSTT-v2014,Event_C009_1,C009_1,,1,,gr_C009,
FinlandSecondarySchool2_XHSTT-v2014,Event_C009_2,C009_2,,1,,gr_C009,
FinlandSecondarySchool2_XHSTT-v2014,Event_C010_1,C010_1,,1,,gr_C010,
FinlandSecondarySchool2_XHSTT-v2014,Event_C011_1,C011_1,,1,,gr_C011,
FinlandSecondarySchool2_XHSTT-v2014,Event_C012_1,C012_1,,1,,gr_C012,
FinlandSecondarySchool2_XHSTT-v2014,Event_C012_2,C012_2,,1,,gr_C012,
FinlandSecondarySchool2_XHSTT-v2014,Event_C012_3,C012_3,,1,,gr_C012,
FinlandSecondarySchool2_XHSTT-v2014,Event_C013_1,C013_1,,1,,gr_C013,
FinlandSecondarySchool2_XHSTT-v2014,Event_C014_1,C014_1,,1,,gr_C014,
FinlandSecondarySchool2_XHSTT-v2014,Event_C015_1,C015_1,,1,,gr_C015,
FinlandSecondarySchool2_XHSTT-v2014,Event_C015_2,C015_2,,1,,gr_C015,
FinlandSecondarySchool2_XHSTT-v2014,Event_C015_3,C015_3,,1,,gr_C015,
FinlandSecondarySchool2_XHSTT-v2014,Event_C016_1,C016_1,,1,,gr_C016,
FinlandSecondarySchool2_XHSTT-v2014,Event_C016_2,C016_2,,1,,gr_C016,
FinlandSecondarySchool2_XHSTT-v2014,Event_C017_1,C017_1,,1,,gr_C017,
FinlandSecondarySchool2_XHSTT-v2014,Event_C017_2,C017_2,,1,,gr_C017,
FinlandSecondarySchool2_XHSTT-v2014,Event_C018_1,C018_1,,1,,gr_C018,
FinlandSecondarySchool2_XHSTT-v2014,Event_C018_2,C018_2,,1,,gr_C018,
FinlandSecondarySchool2_XHSTT-v2014,Event_C018_3,C018_3,,1,,gr_C018,
FinlandSecondarySchool2_XHSTT-v2014,Event_C019_1,C019_1,,1,,gr_C019,
FinlandSecondarySchool2_XHSTT-v2014,Event_C019_2,C019_2,,1,,gr_C019,
FinlandSecondarySchool2_XHSTT-v2014,Event_C020_1,C020_1,,1,,gr_C020,
FinlandSecondarySchool2_XHSTT-v2014,Event_C020_2,C020_2,,1,,gr_C020,
FinlandSecondarySchool2_XHSTT-v2014,Event_C021_1,C021_1,,2,,gr_C021,
FinlandSecondarySchool2_XHSTT-v2014,Event_C022_1,C022_1,,1,,gr_C022,
FinlandSecondarySchool2_XHSTT-v2014,Event_C023_1,C023_1,,1,,gr_C023,
FinlandSecondarySchool2_XHSTT-v2014,Event_C023_2,C023_2,,1,,gr_C023,
FinlandSecondarySchool2_XHSTT-v2014,Event_C024_1,C024_1,,1,,gr_C024,
FinlandSecondarySchool2_XHSTT-v2014,Event_C025_1,C025_1,,1,,gr_C025,
FinlandSecondarySchool2_XHSTT-v2014,Event_C025_2,C025_2,,1,,gr_C025,
FinlandSecondarySchool2_XHSTT-v2014,Event_C026_1,C026_1,,1,,gr_C026,
FinlandSecondarySchool2_XHSTT-v2014,Event_C026_2,C026_2,,1,,gr_C026,
FinlandSecondarySchool2_XHSTT-v2014,Event_C027_1,C027_1,,1,,gr_C027,
FinlandSecondarySchool2_XHSTT-v2014,Event_C027_2,C027_2,,1,,gr_C027,
FinlandSecondarySchool2_XHSTT-v2014,Event_C027_3,C027_3,,1,,gr_C027,
FinlandSecondarySchool2_XHSTT-v2014,Event_C028_1,C028_1,,1,,gr_C028,
FinlandSecondarySchool2_XHSTT-v2014,Event_C028_2,C028_2,,1,,gr_C028,
FinlandSecondarySchool2_XHSTT-v2014,Event_C028_3,C028_3,,1,,gr_C028,
FinlandSecondarySchool2_XHSTT-v2014,Event_C029_1,C029_1,,1,,gr_C029,
FinlandSecondarySchool2_XHSTT-v2014,Event_C029_2,C029_2,,1,,gr_C029,
FinlandSecondarySchool2_XHSTT-v2014,Event_C030_1,C030_1,,1,,gr_C030,
FinlandSecondarySchool2_XHSTT-v2014,Event_C030_2,C030_2,,1,,gr_C030,
FinlandSecondarySchool2_XHSTT-v2014,Event_C031_1,C031_1,,1,,gr_C031,
FinlandSecondarySchool2_XHSTT-v2014,Event_C031_2,C031_2,,1,,gr_C031,
FinlandSecondarySchool2_XHSTT-v2014,Event_C032_1,C032_1,,2,,gr_C032,
FinlandSecondarySchool2_XHSTT-v2014,Event_C033_1,C033_1,,3,,gr_C033,
FinlandSecondarySchool2_XHSTT-v2014,Event_C034_1,C034_1,,1,,gr_C034,
FinlandSecondarySchool2_XHSTT-v2014,Event_C035_1,C035_1,,1,,gr_C035,
FinlandSecondarySchool2_XHSTT-v2014,Event_C036_1,C036_1,,1,,gr_C036,
FinlandSecondarySchool2_XHSTT-v2014,Event_C037_1,C037_1,,1,,gr_C037,
FinlandSecondarySchool2_XHSTT-v2014,Event_C037_2,C037_2,,1,,gr_C037,
FinlandSecondarySchool2_XHSTT-v2014,Event_C037_3,C037_3,,1,,gr_C037,
FinlandSecondarySchool2_XHSTT-v2014,Event_C037_4,C037_4,,1,,gr_C037,
FinlandSecondarySchool2_XHSTT-v2014,Event_C038_1,C038_1,,1,,gr_C038,
FinlandSecondarySchool2_XHSTT-v2014,Event_C038_2,C038_2,,1,,gr_C038,
FinlandSecondarySchool2_XHSTT-v2014,Event_C039_1,C039_1,,1,,gr_C039,
FinlandSecondarySchool2_XHSTT-v2014,Event_C039_2,C039_2,,1,,gr_C039,
FinlandSecondarySchool2_XHSTT-v2014,Event_C040_1,C040_1,,2,,gr_C040,
FinlandSecondarySchool2_XHSTT-v2014,Event_C040_2,C040_2,,1,,gr_C040,
FinlandSecondarySchool2_XHSTT-v2014,Event_C040_3,C040_3,,1,,gr_C040,
FinlandSecondarySchool2_XHSTT-v2014,Event_C041_1,C041_1,,1,,gr_C041,
FinlandSecondarySchool2_XHSTT-v2014,Event_C041_2,C041_2,,1,,gr_C041,
FinlandSecondarySchool2_XHSTT-v2014,Event_C042_1,C042_1,,1,,gr_C042,
FinlandSecondarySchool2_XHSTT-v2014,Event_C043_1,C043_1,,2,,gr_C043,
FinlandSecondarySchool2_XHSTT-v2014,Event_C044_1,C044_1,,1,,gr_C044,
FinlandSecondarySchool2_XHSTT-v2014,Event_C045_1,C045_1,,1,,gr_C045,
FinlandSecondarySchool2_XHSTT-v2014,Event_C046_1,C046_1,,1,,gr_C046,
FinlandSecondarySchool2_XHSTT-v2014,Event_C047_1,C047_1,,1,,gr_C047,
FinlandSecondarySchool2_XHSTT-v2014,Event_C047_2,C047_2,,1,,gr_C047,
FinlandSecondarySchool2_XHSTT-v2014,Event_C048_1,C048_1,,2,,gr_C048,
FinlandSecondarySchool2_XHSTT-v2014,Event_C048_2,C048_2,,2,,gr_C048,
FinlandSecondarySchool2_XHSTT-v2014,Event_C049_1,C049_1,,1,,gr_C049,
FinlandSecondarySchool2_XHSTT-v2014,Event_C050_1,C050_1,,1,,gr_C050,
FinlandSecondarySchool2_XHSTT-v2014,Event_C050_2,C050_2,,1,,gr_C050,
FinlandSecondarySchool2_XHSTT-v2014,Event_C051_1,C051_1,,1,,gr_C051,
FinlandSecondarySchool2_XHSTT-v2014,Event_C052_1,C052_1,,1,,gr_C052,
FinlandSecondarySchool2_XHSTT-v2014,Event_C052_2,C052_2,,2,,gr_C052,
FinlandSecondarySchool2_XHSTT-v2014,Event_C052_3,C052_3,,1,,gr_C052,
FinlandSecondarySchool2_XHSTT-v2014,Event_C053_1,C053_1,,1,,gr_C053,
FinlandSecondarySchool2_XHSTT-v2014,Event_C053_2,C053_2,,1,,gr_C053,
FinlandSecondarySchool2_XHSTT-v2014,Event_C054_1,C054_1,,1,,gr_C054,
FinlandSecondarySchool2_XHSTT-v2014,Event_C055_1,C055_1,,1,,gr_C055,
FinlandSecondarySchool2_XHSTT-v2014,Event_C055_2,C055_2,,1,,gr_C055,
FinlandSecondarySchool2_XHSTT-v2014,Event_C055_3,C055_3,,1,,gr_C055,
FinlandSecondarySchool2_XHSTT-v2014,Event_C055_4,C055_4,,1,,gr_C055,
FinlandSecondarySchool2_XHSTT-v2014,Event_C056_1,C056_1,,1,,gr_C056,
FinlandSecondarySchool2_XHSTT-v2014,Event_C056_2,C056_2,,1,,gr_C056,
FinlandSecondarySchool2_XHSTT-v2014,Event_C056_3,C056_3,,1,,gr_C056,
FinlandSecondarySchool2_XHSTT-v2014,Event_C057_1,C057_1,,1,,gr_C057,
FinlandSecondarySchool2_XHSTT-v2014,Event_C057_2,C057_2,,1,,gr_C057,
FinlandSecondarySchool2_XHSTT-v2014,Event_C057_3,C057_3,,1,,gr_C057,
FinlandSecondarySchool2_XHSTT-v2014,Event_C058_1,C058_1,,1,,gr_C058,
FinlandSecondarySchool2_XHSTT-v2014,Event_C059_1,C059_1,,1,,gr_C059,
FinlandSecondarySchool2_XHSTT-v2014,Event_C059_2,C059_2,,1,,gr_C059,
FinlandSecondarySchool2_XHSTT-v2014,Event_C060_1,C060_1,,1,,gr_C060,
FinlandSecondarySchool2_XHSTT-v2014,Event_C061_1,C061_1,,1,,gr_C061,
FinlandSecondarySchool2_XHSTT-v2014,Event_C062_1,C062_1,,1,,gr_C062,
FinlandSecondarySchool2_XHSTT-v2014,Event_C062_2,C062_2,,1,,gr_C062,
FinlandSecondarySchool2_XHSTT-v2014,Event_C063_1,C063_1,,1,,gr_C063,
FinlandSecondarySchool2_XHSTT-v2014,Event_C063_2,C063_2,,1,,gr_C063,
FinlandSecondarySchool2_XHSTT-v2014,Event_C064_1,C064_1,,1,,gr_C064,
FinlandSecondarySchool2_XHSTT-v2014,Event_C065_1,C065_1,,1,,gr_C065,
FinlandSecondarySchool2_XHSTT-v2014,Event_C065_2,C065_2,,1,,gr_C065,
FinlandSecondarySchool2_XHSTT-v2014,Event_C065_3,C065_3,,1,,gr_C065,
FinlandSecondarySchool2_XHSTT-v2014,Event_C066_1,C066_1,,1,,gr_C066,
FinlandSecondarySchool2_XHSTT-v2014,Event_C067_1,C067_1,,1,,gr_C067,
FinlandSecondarySchool2_XHSTT-v2014,Event_C067_2,C067_2,,1,,gr_C067,
FinlandSecondarySchool2_XHSTT-v2014,Event_C067_3,C067_3,,1,,gr_C067,
FinlandSecondarySchool2_XHSTT-v2014,Event_C068_1,C068_1,,1,,gr_C068,
FinlandSecondarySchool2_XHSTT-v2014,Event_C069_1,C069_1,,1,,gr_C069,
FinlandSecondarySchool2_XHSTT-v2014,Event_C069_2,C069_2,,2,,gr_C069,
FinlandSecondarySchool2_XHSTT-v2014,Event_C069_3,C069_3,,1,,gr_C069,
FinlandSecondarySchool2_XHSTT-v2014,Event_C070_1,C070_1,,1,,gr_C070,
FinlandSecondarySchool2_XHSTT-v2014,Event_C070_2,C070_2,,1,,gr_C070,
FinlandSecondarySchool2_XHSTT-v2014,Event_C071_1,C071_1,,1,,gr_C071,
FinlandSecondarySchool2_XHSTT-v2014,Event_C072_1,C072_1,,1,,gr_C072,
FinlandSecondarySchool2_XHSTT-v2014,Event_C072_2,C072_2,,1,,gr_C072,
FinlandSecondarySchool2_XHSTT-v2014,Event_C073_1,C073_1,,1,,gr_C073,
FinlandSecondarySchool2_XHSTT-v2014,Event_C074_1,C074_1,,1,,gr_C074,
FinlandSecondarySchool2_XHSTT-v2014,Event_C074_2,C074_2,,1,,gr_C074,
FinlandSecondarySchool2_XHSTT-v2014,Event_C075_1,C075_1,,1,,gr_C075,
FinlandSecondarySchool2_XHSTT-v2014,Event_C075_2,C075_2,,1,,gr_C075,
FinlandSecondarySchool2_XHSTT-v2014,Event_C075_3,C075_3,,1,,gr_C075,
FinlandSecondarySchool2_XHSTT-v2014,Event_C076_1,C076_1,,1,,gr_C076,
FinlandSecondarySchool2_XHSTT-v2014,Event_C077_1,C077_1,,1,,gr_C077,
FinlandSecondarySchool2_XHSTT-v2014,Event_C077_2,C077_2,,1,,gr_C077,
FinlandSecondarySchool2_XHSTT-v2014,Event_C077_3,C077_3,,1,,gr_C077,
FinlandSecondarySchool2_XHSTT-v2014,Event_C078_1,C078_1,,2,,gr_C078,
FinlandSecondarySchool2_XHSTT-v2014,Event_C078_2,C078_2,,2,,gr_C078,
FinlandSecondarySchool2_XHSTT-v2014,Event_C079_1,C079_1,,1,,gr_C079,
FinlandSecondarySchool2_XHSTT-v2014,Event_C079_2,C079_2,,1,,gr_C079,
FinlandSecondarySchool2_XHSTT-v2014,Event_C080_1,C080_1,,1,,gr_C080,
FinlandSecondarySchool2_XHSTT-v2014,Event_C080_2,C080_2,,1,,gr_C080,
FinlandSecondarySchool2_XHSTT-v2014,Event_C080_3,C080_3,,1,,gr_C080,
FinlandSecondarySchool2_XHSTT-v2014,Event_C081_1,C081_1,,1,,gr_C081,
FinlandSecondarySchool2_XHSTT-v2014,Event_C082_1,C082_1,,1,,gr_C082,
FinlandSecondarySchool2_XHSTT-v2014,Event_C083_1,C083_1,,1,,gr_C083,
FinlandSecondarySchool2_XHSTT-v2014,Event_C083_2,C083_2,,1,,gr_C083,
FinlandSecondarySchool2_XHSTT-v2014,Event_C083_3,C083_3,,1,,gr_C083,
FinlandSecondarySchool2_XHSTT-v2014,Event_C084_1,C084_1,,1,,gr_C084,
FinlandSecondarySchool2_XHSTT-v2014,Event_C084_2,C084_2,,1,,gr_C084,
FinlandSecondarySchool2_XHSTT-v2014,Event_C084_3,C084_3,,1,,gr_C084,
FinlandSecondarySchool2_XHSTT-v2014,Event_C085_1,C085_1,,2,,gr_C085,
FinlandSecondarySchool2_XHSTT-v2014,Event_C085_2,C085_2,,2,,gr_C085,
FinlandSecondarySchool2_XHSTT-v2014,Event_C086_1,C086_1,,1,,gr_C086,
FinlandSecondarySchool2_XHSTT-v2014,Event_C086_2,C086_2,,2,,gr_C086,
FinlandSecondarySchool2_XHSTT-v2014,Event_C087_1,C087_1,,1,,gr_C087,
FinlandSecondarySchool2_XHSTT-v2014,Event_C088_1,C088_1,,1,,gr_C088,
FinlandSecondarySchool2_XHSTT-v2014,Event_C088_2,C088_2,,1,,gr_C088,
FinlandSecondarySchool2_XHSTT-v2014,Event_C089_1,C089_1,,1,,gr_C089,
FinlandSecondarySchool2_XHSTT-v2014,Event_C090_1,C090_1,,1,,gr_C090,
FinlandSecondarySchool2_XHSTT-v2014,Event_C091_1,C091_1,,1,,gr_C091,
FinlandSecondarySchool2_XHSTT-v2014,Event_C091_2,C091_2,,1,,gr_C091,
FinlandSecondarySchool2_XHSTT-v2014,Event_C091_3,C091_3,,1,,gr_C091,
FinlandSecondarySchool2_XHSTT-v2014,Event_C092_1,C092_1,,1,,gr_C092,
FinlandSecondarySchool2_XHSTT-v2014,Event_C092_2,C092_2,,1,,gr_C092,
FinlandSecondarySchool2_XHSTT-v2014,Event_C093_1,C093_1,,1,,gr_C093,
FinlandSecondarySchool2_XHSTT-v2014,Event_C094_1,C094_1,,1,,gr_C094,
FinlandSecondarySchool2_XHSTT-v2014,Event_C094_2,C094_2,,1,,gr_C094,
FinlandSecondarySchool2_XHSTT-v2014,Event_C095_1,C095_1,,1,,gr_C095,
FinlandSecondarySchool2_XHSTT-v2014,Event_C095_2,C095_2,,1,,gr_C095,
FinlandSecondarySchool2_XHSTT-v2014,Event_C096_1,C096_1,,1,,gr_C096,
FinlandSecondarySchool2_XHSTT-v2014,Event_C097_1,C097_1,,1,,gr_C097,
FinlandSecondarySchool2_XHSTT-v2014,Event_C098_1,C098_1,,1,,gr_C098,
FinlandSecondarySchool2_XHSTT-v2014,Event_C098_2,C098_2,,1,,gr_C098,
FinlandSecondarySchool2_XHSTT-v2014,Event_C099_1,C099_1,,1,,gr_C099,
FinlandSecondarySchool2_XHSTT-v2014,Event_C099_2,C099_2,,1,,gr_C099,
FinlandSecondarySchool2_XHSTT-v2014,Event_C100_1,C100_1,,1,,gr_C100,
FinlandSecondarySchool2_XHSTT-v2014,Event_C100_2,C100_2,,1,,gr_C100,
FinlandSecondarySchool2_XHSTT-v2014,Event_C101_1,C101_1,,1,,gr_C101,
FinlandSecondarySchool2_XHSTT-v2014,Event_C101_2,C101_2,,1,,gr_C101,
FinlandSecondarySchool2_XHSTT-v2014,Event_C101_3,C101_3,,1,,gr_C101,
FinlandSecondarySchool2_XHSTT-v2014,Event_C102_1,C102_1,,1,,gr_C102,
FinlandSecondarySchool2_XHSTT-v2014,Event_C103_1,C103_1,,1,,gr_C103,
FinlandSecondarySchool2_XHSTT-v2014,Event_C104_1,C104_1,,1,,gr_C104,
FinlandSecondarySchool2_XHSTT-v2014,Event_C105_1,C105_1,,3,,gr_C105,
FinlandSecondarySchool2_XHSTT-v2014,Event_C106_1,C106_1,,3,,gr_C106,
FinlandSecondarySchool2_XHSTT-v2014,Event_C107_1,C107_1,,3,,gr_C107,
FinlandSecondarySchool2_XHSTT-v2014,Event_C108_1,C108_1,,3,,gr_C108,
FinlandSecondarySchool2_XHSTT-v2014,Event_C109_1,C109_1,,3,,gr_C109,
FinlandSecondarySchool2_XHSTT-v2014,Event_C110_1,C110_1,,3,,gr_C110,
FinlandSecondarySchool2_XHSTT-v2014,Event_C111_1,C111_1,,3,,gr_C111,
FinlandSecondarySchool2_XHSTT-v2014,Event_C112_1,C112_1,,3,,gr_C112,
FinlandSecondarySchool2_XHSTT-v2014,Event_C113_1,C113_1,,3,,gr_C113,
FinlandSecondarySchool2_XHSTT-v2014,Event_C114_1,C114_1,,3,,gr_C114,
FinlandSecondarySchool2_XHSTT-v2014,Event_C115_1,C115_1,,3,,gr_C115,
FinlandSecondarySchool2_XHSTT-v2014,Event_C116_1,C116_1,,3,,gr_C116,
FinlandSecondarySchool2_XHSTT-v2014,Event_C117_1,C117_1,,3,,gr_C117,
FinlandSecondarySchool2_XHSTT-v2014,Event_C118_1,C118_1,,3,,gr_C118,
FinlandSecondarySchool2_XHSTT-v2014,Event_C119_1,C119_1,,3,,gr_C119,
FinlandSecondarySchool2_XHSTT-v2014,Event_C120_1,C120_1,,3,,gr_C120,
FinlandSecondarySchool2_XHSTT-v2014,Event_C121_1,C121_1,,2,,gr_C121,
FinlandSecondarySchool2_XHSTT-v2014,Event_C122_1,C122_1,,2,,gr_C122,
FinlandSecondarySchool2_XHSTT-v2014,Event_C123_1,C123_1,,2,,gr_C123,
FinlandSecondarySchool2_XHSTT-v2014,Event_C124_1,C124_1,,2,,gr_C124,
FinlandSecondarySchool2_XHSTT-v2014,Event_C125_1,C125_1,,1,,gr_C125,
FinlandSecondarySchool2_XHSTT-v2014,Event_C125_2,C125_2,,1,,gr_C125,
FinlandSecondarySchool2_XHSTT-v2014,Event_C126_1,C126_1,,1,,gr_C126,
FinlandSecondarySchool2_XHSTT-v2014,Event_C126_2,C126_2,,1,,gr_C126,
FinlandSecondarySchool2_XHSTT-v2014,Event_C127_1,C127_1,,1,,gr_C127,
FinlandSecondarySchool2_XHSTT-v2014,Event_C127_2,C127_2,,1,,gr_C127,
FinlandSecondarySchool2_XHSTT-v2014,Event_C127_3,C127_3,,1,,gr_C127,
FinlandSecondarySchool2_XHSTT-v2014,Event_C128_1,C128_1,,1,,gr_C128,
FinlandSecondarySchool2_XHSTT-v2014,Event_C128_2,C128_2,,1,,gr_C128,
FinlandSecondarySchool2_XHSTT-v2014,Event_C128_3,C128_3,,1,,gr_C128,
FinlandSecondarySchool2_XHSTT-v2014,Event_C129_1,C129_1,,1,,gr_C129,
FinlandSecondarySchool2_XHSTT-v2014,Event_C129_2,C129_2,,1,,gr_C129,
FinlandSecondarySchool2_XHSTT-v2014,Event_C130_1,C130_1,,1,,gr_C130,
FinlandSecondarySchool2_XHSTT-v2014,Event_C130_2,C130_2,,1,,gr_C130,
FinlandSecondarySchool2_XHSTT-v2014,Event_C131_1,C131_1,,1,,gr_C131,
FinlandSecondarySchool2_XHSTT-v2014,Event_C131_2,C131_2,,1,,gr_C131,
FinlandSecondarySchool2_XHSTT-v2014,Event_C132_1,C132_1,,1,,gr_C132,
FinlandSecondarySchool2_XHSTT-v2014,Event_C132_2,C132_2,,1,,gr_C132,
FinlandSecondarySchool2_XHSTT-v2014,Event_C133_1,C133_1,,2,,gr_C133,
FinlandSecondarySchool2_XHSTT-v2014,Event_C134_1,C134_1,,2,,gr_C134,
FinlandSecondarySchool2_XHSTT-v2014,Event_C135_1,C135_1,,1,,gr_C135,
FinlandSecondarySchool2_XHSTT-v2014,Event_C135_2,C135_2,,1,,gr_C135,
FinlandSecondarySchool2_XHSTT-v2014,Event_C136_1,C136_1,,1,,gr_C136,
FinlandSecondarySchool2_XHSTT-v2014,Event_C136_2,C136_2,,1,,gr_C136,
FinlandSecondarySchool2_XHSTT-v2014,Event_C137_1,C137_1,,1,,gr_C137,
FinlandSecondarySchool2_XHSTT-v2014,Event_C137_2,C137_2,,1,,gr_C137,
FinlandSecondarySchool2_XHSTT-v2014,Event_C137_3,C137_3,,1,,gr_C137,
FinlandSecondarySchool2_XHSTT-v2014,Event_C138_1,C138_1,,1,,gr_C138,
FinlandSecondarySchool2_XHSTT-v2014,Event_C138_2,C138_2,,1,,gr_C138,
FinlandSecondarySchool2_XHSTT-v2014,Event_C138_3,C138_3,,1,,gr_C138,
FinlandSecondarySchool2_XHSTT-v2014,Event_C139_1,C139_1,,1,,gr_C139,
FinlandSecondarySchool2_XHSTT-v2014,Event_C139_2,C139_2,,1,,gr_C139,
FinlandSecondarySchool2_XHSTT-v2014,Event_C140_1,C140_1,,1,,gr_C140,
FinlandSecondarySchool2_XHSTT-v2014,Event_C140_2,C140_2,,1,,gr_C140,
FinlandSecondarySchool2_XHSTT-v2014,Event_C141_1,C141_1,,1,,gr_C141,
FinlandSecondarySchool2_XHSTT-v2014,Event_C141_2,C141_2,,1,,gr_C141,
FinlandSecondarySchool2_XHSTT-v2014,Event_C142_1,C142_1,,1,,gr_C142,
FinlandSecondarySchool2_XHSTT-v2014,Event_C142_2,C142_2,,1,,gr_C142,
FinlandSecondarySchool2_XHSTT-v2014,Event_C143_1,C143_1,,2,,gr_C143,
FinlandSecondarySchool2_XHSTT-v2014,Event_C144_1,C144_1,,2,,gr_C144,
FinlandSecondarySchool2_XHSTT-v2014,Event_C145_1,C145_1,,2,,gr_C145,
FinlandSecondarySchool2_XHSTT-v2014,Event_C146_1,C146_1,,2,,gr_C146,
FinlandSecondarySchool2_XHSTT-v2014,Event_C147_1,C147_1,,1,,gr_C147,
FinlandSecondarySchool2_XHSTT-v2014,Event_C147_2,C147_2,,1,,gr_C147,
FinlandSecondarySchool2_XHSTT-v2014,Event_C148_1,C148_1,,1,,gr_C148,
FinlandSecondarySchool2_XHSTT-v2014,Event_C148_2,C148_2,,1,,gr_C148,
FinlandSecondarySchool2_XHSTT-v2014,Event_C149_1,C149_1,,1,,gr_C149,
FinlandSecondarySchool2_XHSTT-v2014,Event_C149_2,C149_2,,1,,gr_C149,
FinlandSecondarySchool2_XHSTT-v2014,Event_C149_3,C149_3,,1,,gr_C149,
FinlandSecondarySchool2_XHSTT-v2014,Event_C150_1,C150_1,,1,,gr_C150,
FinlandSecondarySchool2_XHSTT-v2014,Event_C150_2,C150_2,,1,,gr_C150,
FinlandSecondarySchool2_XHSTT-v2014,Event_C150_3,C150_3,,1,,gr_C150,
FinlandSecondarySchool2_XHSTT-v2014,Event_C151_1,C151_1,,1,,gr_C151,
FinlandSecondarySchool2_XHSTT-v2014,Event_C151_2,C151_2,,1,,gr_C151,
FinlandSecondarySchool2_XHSTT-v2014,Event_C151_3,C151_3,,1,,gr_C151,
FinlandSecondarySchool2_XHSTT-v2014,Event_C152_1,C152_1,,1,,gr_C152,
FinlandSecondarySchool2_XHSTT-v2014,Event_C152_2,C152_2,,1,,gr_C152,
FinlandSecondarySchool2_XHSTT-v2014,Event_C152_3,C152_3,,1,,gr_C152,
FinlandSecondarySchool2_XHSTT-v2014,Event_C153_1,C153_1,,2,,gr_C153,
FinlandSecondarySchool2_XHSTT-v2014,Event_C154_1,C154_1,,2,,gr_C154,
FinlandSecondarySchool2_XHSTT-v2014,Event_C155_1,C155_1,,1,,gr_C155,
FinlandSecondarySchool2_XHSTT-v2014,Event_C155_2,C155_2,,1,,gr_C155,
FinlandSecondarySchool2_XHSTT-v2014,Event_C156_1,C156_1,,1,,gr_C156,
FinlandSecondarySchool2_XHSTT-v2014,Event_C156_2,C156_2,,1,,gr_C156,
FinlandSecondarySchool2_XHSTT-v2014,Event_C157_1,C157_1,,1,,gr_C157,
FinlandSecondarySchool2_XHSTT-v2014,Event_C157_2,C157_2,,1,,gr_C157,
FinlandSecondarySchool2_XHSTT-v2014,Event_C157_3,C157_3,,1,,gr_C157,
FinlandSecondarySchool2_XHSTT-v2014,Event_C158_1,C158_1,,1,,gr_C158,
FinlandSecondarySchool2_XHSTT-v2014,Event_C158_2,C158_2,,1,,gr_C158,
FinlandSecondarySchool2_XHSTT-v2014,Event_C158_3,C158_3,,1,,gr_C158,
FinlandSecondarySchool2_XHSTT-v2014,Event_C159_1,C159_1,,1,,gr_C159,
FinlandSecondarySchool2_XHSTT-v2014,Event_C159_2,C159_2,,1,,gr_C159,
FinlandSecondarySchool2_XHSTT-v2014,Event_C159_3,C159_3,,1,,gr_C159,
FinlandSecondarySchool2_XHSTT-v2014,Event_C160_1,C160_1,,1,,gr_C160,
FinlandSecondarySchool2_XHSTT-v2014,Event_C160_2,C160_2,,1,,gr_C160,
FinlandSecondarySchool2_XHSTT-v2014,Event_C160_3,C160_3,,1,,gr_C160,
FinlandSecondarySchool2_XHSTT-v2014,Event_C161_1,C161_1,,2,,gr_C161,
FinlandSecondarySchool2_XHSTT-v2014,Event_C162_1,C162_1,,2,,gr_C162,
FinlandSecondarySchool2_XHSTT-v2014,Event_C163_1,C163_1,,1,,gr_C163,
FinlandSecondarySchool2_XHSTT-v2014,Event_C163_2,C163_2,,1,,gr_C163,
FinlandSecondarySchool2_XHSTT-v2014,Event_C164_1,C164_1,,1,,gr_C164,
FinlandSecondarySchool2_XHSTT-v2014,Event_C164_2,C164_2,,1,,gr_C164,
FinlandSecondarySchool2_XHSTT-v2014,Event_C165_1,C165_1,,2,,gr_C165,
FinlandSecondarySchool2_XHSTT-v2014,Event_C166_1,C166_1,,2,,gr_C166,
FinlandSecondarySchool2_XHSTT-v2014,Event_C167_1,C167_1,,1,,gr_C167,
FinlandSecondarySchool2_XHSTT-v2014,Event_C167_2,C167_2,,1,,gr_C167,
FinlandSecondarySchool2_XHSTT-v2014,Event_C168_1,C168_1,,1,,gr_C168,
FinlandSecondarySchool2_XHSTT-v2014,Event_C168_2,C168_2,,1,,gr_C168,
FinlandSecondarySchool2_XHSTT-v2014,Event_C169_1,C169_1,,2,,gr_C169,
FinlandSecondarySchool2_XHSTT-v2014,Event_C170_1,C170_1,,2,,gr_C170,
FinlandSecondarySchool2_XHSTT-v2014,Event_C171_1,C171_1,,2,,gr_C171,
FinlandSecondarySchool2_XHSTT-v2014,Event_C172_1,C172_1,,2,,gr_C172,
FinlandSecondarySchool2_XHSTT-v2014,Event_C173_1,C173_1,,1,,gr_C173,
FinlandSecondarySchool2_XHSTT-v2014,Event_C173_2,C173_2,,1,,gr_C173,
FinlandSecondarySchool2_XHSTT-v2014,Event_C174_1,C174_1,,1,,gr_C174,
FinlandSecondarySchool2_XHSTT-v2014,Event_C174_2,C174_2,,1,,gr_C174,
FinlandSecondarySchool2_XHSTT-v2014,Event_C175_1,C175_1,,1,,gr_C175,
FinlandSecondarySchool2_XHSTT-v2014,Event_C175_2,C175_2,,1,,gr_C175,
FinlandSecondarySchool2_XHSTT-v2014,Event_C175_3,C175_3,,1,,gr_C175,
FinlandSecondarySchool2_XHSTT-v2014,Event_C175_4,C175_4,,1,,gr_C175,
FinlandSecondarySchool2_XHSTT-v2014,Event_C176_1,C176_1,,1,,gr_C176,
FinlandSecondarySchool2_XHSTT-v2014,Event_C176_2,C176_2,,1,,gr_C176,
FinlandSecondarySchool2_XHSTT-v2014,Event_C176_3,C176_3,,1,,gr_C176,
FinlandSecondarySchool2_XHSTT-v2014,Event_C176_4,C176_4,,1,,gr_C176,
FinlandSecondarySchool2_XHSTT-v2014,Event_C177_1,C177_1,,2,,gr_C177,
FinlandSecondarySchool2_XHSTT-v2014,Event_C178_1,C178_1,,2,,gr_C178,
FinlandSecondarySchool2_XHSTT-v2014,Event_C179_1,C179_1,,1,,gr_C179,
FinlandSecondarySchool2_XHSTT-v2014,Event_C179_2,C179_2,,1,,gr_C179,
FinlandSecondarySchool2_XHSTT-v2014,Event_C180_1,C180_1,,1,,gr_C180,
FinlandSecondarySchool2_XHSTT-v2014,Event_C180_2,C180_2,,1,,gr_C180,
FinlandSecondarySchool2_XHSTT-v2014,Event_C181_1,C181_1,,1,,gr_C181,
FinlandSecondarySchool2_XHSTT-v2014,Event_C181_2,C181_2,,1,,gr_C181,
FinlandSecondarySchool2_XHSTT-v2014,Event_C181_3,C181_3,,1,,gr_C181,
FinlandSecondarySchool2_XHSTT-v2014,Event_C181_4,C181_4,,1,,gr_C181,
FinlandSecondarySchool2_XHSTT-v2014,Event_C182_1,C182_1,,1,,gr_C182,
FinlandSecondarySchool2_XHSTT-v2014,Event_C182_2,C182_2,,1,,gr_C182,
FinlandSecondarySchool2_XHSTT-v2014,Event_C182_3,C182_3,,1,,gr_C182,
FinlandSecondarySchool2_XHSTT-v2014,Event_C182_4,C182_4,,1,,gr_C182,
FinlandSecondarySchool2_XHSTT-v2014,Event_C183_1,C183_1,,1,,gr_C183,
FinlandSecondarySchool2_XHSTT-v2014,Event_C183_2,C183_2,,1,,gr_C183,
FinlandSecondarySchool2_XHSTT-v2014,Event_C183_3,C183_3,,1,,gr_C183,
FinlandSecondarySchool2_XHSTT-v2014,Event_C183_4,C183_4,,1,,gr_C183,
FinlandSecondarySchool2_XHSTT-v2014,Event_C184_1,C184_1,,1,,gr_C184,
FinlandSecondarySchool2_XHSTT-v2014,Event_C184_2,C184_2,,1,,gr_C184,
FinlandSecondarySchool2_XHSTT-v2014,Event_C184_3,C184_3,,1,,gr_C184,
FinlandSecondarySchool2_XHSTT-v2014,Event_C184_4,C184_4,,1,,gr_C184,
FinlandSecondarySchool2_XHSTT-v2014,Event_C185_1,C185_1,,2,,gr_C185,
FinlandSecondarySchool2_XHSTT-v2014,Event_C186_1,C186_1,,2,,gr_C186,
FinlandSecondarySchool2_XHSTT-v2014,Event_C187_1,C187_1,,1,,gr_C187,
FinlandSecondarySchool2_XHSTT-v2014,Event_C188_1,C188_1,,1,,gr_C188,
FinlandSecondarySchool2_XHSTT-v2014,Event_C189_1,C189_1,,1,,gr_C189,
FinlandSecondarySchool2_XHSTT-v2014,Event_C190_1,C190_1,,1,,gr_C190,
FinlandSecondarySchool2_XHSTT-v2014,Event_C191_1,C191_1,,1,,gr_C191,
FinlandSecondarySchool2_XHSTT-v2014,Event_C191_2,C191_2,,1,,gr_C191,
FinlandSecondarySchool2_XHSTT-v2014,Event_C191_3,C191_3,,1,,gr_C191,
FinlandSecondarySchool2_XHSTT-v2014,Event_C191_4,C191_4,,1,,gr_C191,
FinlandSecondarySchool2_XHSTT-v2014,Event_C192_1,C192_1,,1,,gr_C192,
FinlandSecondarySchool2_XHSTT-v2014,Event_C192_2,C192_2,,1,,gr_C192,
FinlandSecondarySchool2_XHSTT-v2014,Event_C192_3,C192_3,,1,,gr_C192,
FinlandSecondarySchool2_XHSTT-v2014,Event_C192_4,C192_4,,1,,gr_C192,
FinlandSecondarySchool2_XHSTT-v2014,Event_C193_1,C193_1,,1,,gr_C193,
FinlandSecondarySchool2_XHSTT-v2014,Event_C193_2,C193_2,,1,,gr_C193,
FinlandSecondarySchool2_XHSTT-v2014,Event_C194_1,C194_1,,1,,gr_C194,
FinlandSecondarySchool2_XHSTT-v2014,Event_C194_2,C194_2,,1,,gr_C194,
FinlandSecondarySchool2_XHSTT-v2014,Event_C195_1,C195_1,,2,,gr_C195,
FinlandSecondarySchool2_XHSTT-v2014,Event_C196_1,C196_1,,2,,gr_C196,
FinlandSecondarySchool2_XHSTT-v2014,Event_C197_1,C197_1,,1,,gr_C197,
FinlandSecondarySchool2_XHSTT-v2014,Event_C198_1,C198_1,,1,,gr_C198,
FinlandSecondarySchool2_XHSTT-v2014,Event_C199_1,C199_1,,1,,gr_C199,
FinlandSecondarySchool2_XHSTT-v2014,Event_C200_1,C200_1,,1,,gr_C200,
FinlandSecondarySchool2_XHSTT-v2014,Event_C201_1,C201_1,,1,,gr_C201,
FinlandSecondarySchool2_XHSTT-v2014,Event_C201_2,C201_2,,1,,gr_C201,
FinlandSecondarySchool2_XHSTT-v2014,Event_C202_1,C202_1,,1,,gr_C202,
FinlandSecondarySchool2_XHSTT-v2014,Event_C203_1,C203_1,,2,,gr_C203,
FinlandSecondarySchool2_XHSTT-v2014,Event_C204_1,C204_1,,2,,gr_C204,
FinlandSecondarySchool2_XHSTT-v2014,Event_C204_2,C204_2,,1,,gr_C204,
FinlandSecondarySchool2_XHSTT-v2014,Event_C205_1,C205_1,,1,,gr_C205,
FinlandSecondarySchool2_XHSTT-v2014,Event_C205_2,C205_2,,2,,gr_C205,
FinlandSecondarySchool2_XHSTT-v2014,Event_C206_1,C206_1,,1,,gr_C206,
FinlandSecondarySchool2_XHSTT-v2014,Event_C207_1,C207_1,,2,,gr_C207,
FinlandSecondarySchool2_XHSTT-v2014,Event_C207_2,C207_2,,2,,gr_C207,
FinlandSecondarySchool2_XHSTT-v2014,Event_C208_1,C208_1,,1,,gr_C208,
FinlandSecondarySchool2_XHSTT-v2014,Event_C209_1,C209_1,,1,,gr_C209,
FinlandSecondarySchool2_XHSTT-v2014,Event_C209_2,C209_2,,1,,gr_C209,
FinlandSecondarySchool2_XHSTT-v2014,Event_C209_3,C209_3,,1,,gr_C209,
FinlandSecondarySchool2_XHSTT-v2014,Event_C210_1,C210_1,,2,,gr_C210,
FinlandSecondarySchool2_XHSTT-v2014,Event_C210_2,C210_2,,1,,gr_C210,
FinlandSecondarySchool2_XHSTT-v2014,Event_C211_1,C211_1,,1,,gr_C211,
FinlandSecondarySchool2_XHSTT-v2014,Event_C211_2,C211_2,,1,,gr_C211,
FinlandSecondarySchool2_XHSTT-v2014,Event_C212_1,C212_1,,2,,gr_C212,
FinlandSecondarySchool2_XHSTT-v2014,Event_C213_1,C213_1,,1,,gr_C213,
FinlandSecondarySchool2_XHSTT-v2014,Event_C214_1,C214_1,,1,,gr_C214,
FinlandSecondarySchool2_XHSTT-v2014,Event_C215_1,C215_1,,1,,gr_C215,
FinlandSecondarySchool2_XHSTT-v2014,Event_C216_1,C216_1,,2,,gr_C216,
FinlandSecondarySchool2_XHSTT-v2014,Event_C216_2,C216_2,,2,,gr_C216,
FinlandSecondarySchool2_XHSTT-v2014,Event_C216_3,C216_3,,1,,gr_C216,
FinlandSecondarySchool2_XHSTT-v2014,Event_C217_1,C217_1,,2,,gr_C217,
FinlandSecondarySchool2_XHSTT-v2014,Event_C217_2,C217_2,,1,,gr_C217,
FinlandSecondarySchool2_XHSTT-v2014,Event_C217_3,C217_3,,1,,gr_C217,
FinlandSecondarySchool2_XHSTT-v2014,Event_C218_1,C218_1,,2,,gr_C218,
FinlandSecondarySchool2_XHSTT-v2014,Event_C218_2,C218_2,,2,,gr_C218,
FinlandSecondarySchool2_XHSTT-v2014,Event_C218_3,C218_3,,1,,gr_C218,
FinlandSecondarySchool2_XHSTT-v2014,Event_C219_1,C219_1,,1,,gr_C219,
FinlandSecondarySchool2_XHSTT-v2014,Event_C219_2,C219_2,,1,,gr_C219,
FinlandSecondarySchool2_XHSTT-v2014,Event_C219_3,C219_3,,1,,gr_C219,
FinlandSecondarySchool2_XHSTT-v2014,Event_C220_1,C220_1,,1,,gr_C220,
FinlandSecondarySchool2_XHSTT-v2014,Event_C220_2,C220_2,,1,,gr_C220,
FinlandSecondarySchool2_XHSTT-v2014,Event_C221_1,C221_1,,2,,gr_C221,
FinlandSecondarySchool2_XHSTT-v2014,Event_C221_2,C221_2,,1,,gr_C221,
FinlandSecondarySchool2_XHSTT-v2014,Event_C221_3,C221_3,,1,,gr_C221,
FinlandSecondarySchool2_XHSTT-v2014,Event_C222_1,C222_1,,1,,gr_C222,
FinlandSecondarySchool2_XHSTT-v2014,Event_C222_2,C222_2,,1,,gr_C222,
FinlandSecondarySchool2_XHSTT-v2014,Event_C222_3,C222_3,,1,,gr_C222,
FinlandSecondarySchool2_XHSTT-v2014,Event_C223_1,C223_1,,2,,gr_C223,
FinlandSecondarySchool2_XHSTT-v2014,Event_C223_2,C223_2,,1,,gr_C223,
FinlandSecondarySchool2_XHSTT-v2014,Event_C224_1,C224_1,,1,,gr_C224,
FinlandSecondarySchool2_XHSTT-v2014,Event_C224_2,C224_2,,1,,gr_C224,
FinlandSecondarySchool2_XHSTT-v2014,Event_C225_1,C225_1,,2,,gr_C225,
FinlandSecondarySchool2_XHSTT-v2014,Event_C226_1,C226_1,,1,,gr_C226,
FinlandSecondarySchool2_XHSTT-v2014,Event_C226_2,C226_2,,1,,gr_C226,
FinlandSecondarySchool2_XHSTT-v2014,Event_C227_1,C227_1,,1,,gr_C227,
FinlandSecondarySchool2_XHSTT-v2014,Event_C227_2,C227_2,,1,,gr_C227,
FinlandSecondarySchool2_XHSTT-v2014,Event_C227_3,C227_3,,1,,gr_C227,
FinlandSecondarySchool2_XHSTT-v2014,Event_C228_1,C228_1,,2,,gr_C228,
FinlandSecondarySchool2_XHSTT-v2014,Event_C228_2,C228_2,,1,,gr_C228,
FinlandSecondarySchool2_XHSTT-v2014,Event_C229_1,C229_1,,1,,gr_C229,
FinlandSecondarySchool2_XHSTT-v2014,Event_C229_2,C229_2,,1,,gr_C229,
FinlandSecondarySchool2_XHSTT-v2014,Event_C230_1,C230_1,,2,,gr_C230,
FinlandSecondarySchool2_XHSTT-v2014,Event_C231_1,C231_1,,1,,gr_C231,
FinlandSecondarySchool2_XHSTT-v2014,Event_C231_2,C231_2,,1,,gr_C231,
FinlandSecondarySchool2_XHSTT-v2014,Event_C232_1,C232_1,,1,,gr_C232,
FinlandSecondarySchool2_XHSTT-v2014,Event_C232_2,C232_2,,1,,gr_C232,
FinlandSecondarySchool2_XHSTT-v2014,Event_C233_1,C233_1,,2,,gr_C233,
FinlandSecondarySchool2_XHSTT-v2014,Event_C234_1,C234_1,,1,,gr_C234,
FinlandSecondarySchool2_XHSTT-v2014,Event_C235_1,C235_1,,1,,gr_C235,
FinlandSecondarySchool2_XHSTT-v2014,Event_C235_2,C235_2,,1,,gr_C235,
FinlandSecondarySchool2_XHSTT-v2014,Event_C235_3,C235_3,,1,,gr_C235,
FinlandSecondarySchool2_XHSTT-v2014,Event_C236_1,C236_1,,1,,gr_C236,
FinlandSecondarySchool2_XHSTT-v2014,Event_C236_2,C236_2,,2,,gr_C236,
FinlandSecondarySchool2_XHSTT-v2014,Event_C237_1,C237_1,,1,,gr_C237,
FinlandSecondarySchool2_XHSTT-v2014,Event_C237_2,C237_2,,1,,gr_C237,
FinlandSecondarySchool2_XHSTT-v2014,Event_C238_1,C238_1,,1,,gr_C238,
FinlandSecondarySchool2_XHSTT-v2014,Event_C238_2,C238_2,,1,,gr_C238,
FinlandSecondarySchool2_XHSTT-v2014,Event_C239_1,C239_1,,1,,gr_C239,
FinlandSecondarySchool2_XHSTT-v2014,Event_C240_1,C240_1,,1,,gr_C240,
FinlandSecondarySchool2_XHSTT-v2014,Event_C240_2,C240_2,,1,,gr_C240,
FinlandSecondarySchool2_XHSTT-v2014,Event_C241_1,C241_1,,1,,gr_C241,
FinlandSecondarySchool2_XHSTT-v2014,Event_C241_2,C241_2,,1,,gr_C241,
FinlandSecondarySchool2_XHSTT-v2014,Event_C242_1,C242_1,,2,,gr_C242,
FinlandSecondarySchool2_XHSTT-v2014,Event_C242_2,C242_2,,1,,gr_C242,
FinlandSecondarySchool2_XHSTT-v2014,Event_C243_1,C243_1,,1,,gr_C243,
FinlandSecondarySchool2_XHSTT-v2014,Event_C243_2,C243_2,,1,,gr_C243,
FinlandSecondarySchool2_XHSTT-v2014,Event_C243_3,C243_3,,1,,gr_C243,
FinlandSecondarySchool2_XHSTT-v2014,Event_C244_1,C244_1,,1,,gr_C244,
FinlandSecondarySchool2_XHSTT-v2014,Event_C244_2,C244_2,,1,,gr_C244,
FinlandSecondarySchool2_XHSTT-v2014,Event_C245_1,C245_1,,1,,gr_C245,
FinlandSecondarySchool2_XHSTT-v2014,Event_C246_1,C246_1,,1,,gr_C246,
FinlandSecondarySchool2_XHSTT-v2014,Event_C246_2,C246_2,,1,,gr_C246,
FinlandSecondarySchool2_XHSTT-v2014,Event_C247_1,C247_1,,1,,gr_C247,
FinlandSecondarySchool2_XHSTT-v2014,Event_C248_1,C248_1,,1,,gr_C248,
FinlandSecondarySchool2_XHSTT-v2014,Event_C249_1,C249_1,,1,,gr_C249,
FinlandSecondarySchool2_XHSTT-v2014,Event_C250_1,C250_1,,1,,gr_C250,
FinlandSecondarySchool2_XHSTT-v2014,Event_C251_1,C251_1,,1,,gr_C251,
FinlandSecondarySchool2_XHSTT-v2014,Event_C252_1,C252_1,,1,,gr_C252,
FinlandSecondarySchool2_XHSTT-v2014,Event_C253_1,C253_1,,1,,gr_C253,
FinlandSecondarySchool2_XHSTT-v2014,Event_C253_2,C253_2,,1,,gr_C253,
FinlandSecondarySchool2_XHSTT-v2014,Event_C254_1,C254_1,,2,,gr_C254,
FinlandSecondarySchool2_XHSTT-v2014,Event_C255_1,C255_1,,1,,gr_C255,
FinlandSecondarySchool2_XHSTT-v2014,Event_C255_2,C255_2,,1,,gr_C255,
FinlandSecondarySchool2_XHSTT-v2014,Event_C256_1,C256_1,,1,,gr_C256,
FinlandSecondarySchool2_XHSTT-v2014,Event_C256_2,C256_2,,1,,gr_C256,
FinlandSecondarySchool2_XHSTT-v2014,Event_C257_1,C257_1,,1,,gr_C257,
FinlandSecondarySchool2_XHSTT-v2014,Event_C258_1,C258_1,,1,,gr_C258,
FinlandSecondarySchool2_XHSTT-v2014,Event_C258_2,C258_2,,1,,gr_C258,
FinlandSecondarySchool2_XHSTT-v2014,Event_C259_1,C259_1,,1,,gr_C259,
FinlandSecondarySchool2_XHSTT-v2014,Event_C259_2,C259_2,,1,,gr_C259,
FinlandSecondarySchool2_XHSTT-v2014,Event_C260_1,C260_1,,2,,gr_C260,
FinlandSecondarySchool2_XHSTT-v2014,Event_C261_1,C261_1,,1,,gr_C261,
FinlandSecondarySchool2_XHSTT-v2014,Event_C261_2,C261_2,,1,,gr_C261,
FinlandSecondarySchool2_XHSTT-v2014,Event_C261_3,C261_3,,1,,gr_C261,
FinlandSecondarySchool2_XHSTT-v2014,Event_C262_1,C262_1,,2,,gr_C262,
